title	labels
自然に目が大きく見える着色直径で、大人の女性も使いやすいデザイン。	商品/サービス特徴
人気度・満足度・信頼度・お手軽度を徹底比較!本当にオススメのコラーゲンサプリは?	商品/サービス特徴
最も高い買取会社を徹底比較	商品/サービス特徴
AIR エアーを見るなら／dTV	
AGAスキンクリニックの治療が世界的に認められました	
瞳は大きくみせたいけど派手すぎるのはイヤ。絶妙な大きさとサイズ感が魅力のカラコン	その他
DR30シリーズ 表示灯	
ギャルらしさと大人っぽさを感じられるハイセンス性を追求したカラコン	商品/サービス特徴
2020年／住宅ローン完全ガイド	
今なら手ぶらで体験レッスンが0円!上下ウェア・バスタオル・フェイスタオル・ヨガマット無料レンタルだから、手ぶらでOK!さらにお水(550ml×2本)をプレゼント!	特典|無料
初心者でもトライしやすいブラウンに特化したナチュラルカラコン	商品/サービス特徴
北斗市（北海道）ITエンジニア	
介護福祉施設運営の方へ/介護職員の技能向上を支援。オンライン研修なので負担なく継続	利便性|対象限定|商品/サービス特徴
これから就活準備を開始する人へ	対象限定
"コンビニ後払い手数料""０円"""	無料
期間限定クーポン配布中	特典|期間限定
簡単調理・調理不要の保存食品が通販なら早くて便利！送料無料などお買い得にGET。	無料|商品/サービス特徴
四千坪の敷地に広がる日本庭園と日本建築学会賞を受賞した名建築で過ごす特別な一日	商品/サービス特徴
飲みやすさ、口コミ、成分など様々な角度から徹底調査。堂々の第1位はあのサプリでした！	商品/サービス特徴
関東随一の稀に見る霊山・古峯神社のお膝元に位置する、本格派コース！標高24…	商品/サービス特徴
【ボディ4回プラン】9,950円/回	価格
圧着端子	
モダンボタニカルスキンケアブランドFEMMUE〈ファミュ〉の公式オンラインストアです。ファミュは、花たちが持つ美しさのエッセンスを凝縮したスキンケアブランドです。繊細にブレンドされた美しい天然の香りや、肌へのアプローチを考えたユニークなテクスチャー、モダンラグジュアリーを追求したアートピースのようなヴィジュアルと素材感など、ブランド独自の徹底したこだわりによって誕生しました。	商品/サービス特徴
乳液／5つの美肌成分を独自配合	商品/サービス特徴
ロサンジェルスバルコニーで挙式	
プラスモードワンデー／送料無料	無料
岡山理科大学専門学校の資料請求	商品/サービス特徴
【海外の人気ホテルが遂に日本初上陸】今秋オープン予定！最新情報を公開／完成予想図	トレンド|商品/サービス特徴
自動車・輸送機器関連 機械・機構設計の求人・転職情報／限定求人約85％	限定
男性人気のクレカランキング2021	トレンド|対象限定|商品/サービス特徴
選べるBaby Kumonタイム	その他
新幹線ダイレクトパックならJR東海ツアーズ。往復新幹線+ホテルのパックツアーが専門店ならではの価格と品揃え!新幹線+宿泊パックのおすすめツアー情報やランキング、お得な旅行プランの検索・予約が簡単に行えます。	利便性|商品/サービス特徴
戦略性の高い和泉一介設計コース富士の東麓に拡がるアップダウンの少ない林間…	商品/サービス特徴
ファン必見！King&Prince、KAT-TUN、NEWSなど人気アーティストの裏側を長期密着取材	商品/サービス特徴
【ゼクシィ】タワーホテルナゴヤ	
Web限定商品や、全国各地から取り寄せた旬なグルメ情報をお届けします。選べるギフトカタログ 商品お申込み| グルメ通販のオンワード・マルシェ	商品/サービス特徴
【無料登録】はこちらから	無料
50万円以上高く売れるかも?価格相場を知って、賢く愛車を売ろう/一括車査定はこちら	商品/サービス特徴
たった32秒で出来る一括査定	スピード
【法人・事業者様向け】仕事に役立つ様々なサービスを厳選してご紹介／まずはお気軽にご相談から	対象限定|商品/サービス特徴
東洋鍼灸専門学校の2020年度オープンキャンパス情報なら【スタディサプリ 進路(旧:リクナビ進学)】。日程を確認して予約申し込みをしよう!体験入学、模擬授業、個別相談会など多数掲載	品揃え
ETCカードは、有料道路の料金所をノンストップでスムーズに通過できる、通行料金の決済専用ICカードです。通行料金100円につき1ポイントが貯まる、お得な楽天ETCカードのメリットや使い方、作り方をご紹介します。	還元|オファー
100円につき1ポイント貯まる!様々なデザインから選べる。新規入会&利用で8,000ポイント。	特典|還元
毎月12万人が利用	実績
５０歳から必見。ツアーがお得に	対象限定|オファー
田村正和主演による人気ドラマシリーズ『古畑任三郎』の2ndシリーズ	商品/サービス特徴
JTBなら宿と航空券、新幹線がセットでお得。福岡 旅行プラン充実/予約はJTB	オファー|商品/サービス特徴
【2020年】人気クレカを徹底比較	商品/サービス特徴
初回限定2,990円(2ヵ月分)/30代以降の3つの肌悩みを「ぱっ」と解決。	初回限定|悩み解決
南都銀行のリフォームローン申し込み/ リフォームローンの最適な借入を一覧で比較	商品/サービス特徴
UT magazine	
100万件以上の求人掲載中。日本最大級のアルバイト求人サイト/バイトル	品揃え|最大級・No.1
植野有砂プロデュースのハーフ盛りワンデー『#IT EYES』!モアコンなら送料無料でお届け♪ カラーコンタクト(度あり・度なし)ならカラコン通販のモアコンタクトにお任せ下さい。	無料|商品/サービス特徴
つけていることを忘れるほどに快適な密着感。バイオテクノロジーの発想を取り入れたシートマスク	商品/サービス特徴
ヒコ・みづのジュエリーカレッジ	
【ミスミ】なら最短で当日に出荷	スピード
中日本自動車短期大学の資料請求	商品/サービス特徴
官公庁・法人御用達 ご依頼多数	品揃え|商品/サービス特徴
ベビー・キッズ用品が豊富。SALEやイベント毎日開催中。通常価格よりお得にお買い物。	品揃え|オファー|商品/サービス特徴
薬剤師、管理薬剤師、登録販売者	
ボアカーディガン通販ならauPAYマーケット!/毎日SALE実施中	商品/サービス特徴
お買物前に必見!便利なニトリアプリ、家具引取、安心の品質保証など	商品/サービス特徴
1月21日から無料お試しキャンペーンの受付開始!	期間限定|無料
【リニューアルオープン】雄大な琵琶湖と美しい緑が広がる一軒家で、貸切ウエディング	商品/サービス特徴
初心者から上級者向けまでテニス用品完備！今なら送料無料などお買い得商品が盛り沢山	期間限定|無料
"ADS/ARSは“アパレル技術集団”としてのオンワード樫山が持つ特許技術を製法に採用し、高機能で自由度の高いファッションプロダクトを生み出す「オンワード・アドバンスド・システム」の第一弾。""送料無料（一部商品を除く）・ポイント還元"""	還元|高品質|無料|商品/サービス特徴
ゼクシィBabyが出産準備を応援	商品/サービス特徴
薬剤師求人数業界トップクラス	最大級・No.1
西暦3000年の未来人たちと、一人の男が出会った、新しい「時」を刻むために・・・。	あらすじ
ポイント高還元のMasterCardを探そう!Mastercardを選ぶならコチラ	還元
"不倫を始めさまざまなかたちで""夫を噛む""4人の妻たちが巻き起こすストーリー"	あらすじ
陣痛バッグにピッタリなマルチバッグorはらぺこあおむし柄の母子手帳ケースが合計1万名に当たる	特典
セブンネット限定特典アクリルカラビナ付き/セブン‐イレブン受取りで送料無料	限定|特典|無料
≪ブランド商品多数保有≫定番／トレンドのメンズパーカーが今なら送料無料などお買得	トレンド|品揃え|無料
チソン×ファン・ジョンウムの豪華共演！“愛”と“復讐”の正統派メロドラマ    恋人が起こしたひき逃げ事故の罪を被り服役した女と、検事という地位を守るために恋人に罪を被せた男、そして死亡した被害者の恋人の男、その男を一途に愛する女。  それぞれの秘密をめぐり4人の男女が交錯する、先の読めない展開から目が離せない！    憎しみが、愛に変わる	あらすじ|商品/サービス特徴
参加された方を対象にナオト本人が直接会員の方へ会いに行くお礼会の特典付!	特典|対象限定
最新アニメ見逃し配信ならdTV!初回31日間無料。入会後は月額500円(税抜)	価格|無料
保険のスペシャリストが対応	高品質|商品/サービス特徴
会員限定チケット先行予約中	
【2022年卒業予定の方向け】	対象限定
カプセルタイプやコラーゲンゼリー、コラーゲンドリンクなど、あなたにあったタイプを見つけよう	
ワンランク上の大人の瞳。ありのままをより美しく。大人が楽しむカラコンの提案。	その他
【muuc】オンワード公式通販	
クーポンや値下げの最新情報をLINEやメールでお届け!通販でもエポスポイントが貯まる&使える	還元
いつでも手軽に24時間WEBでカンタン手続き。スカパーはお申込みから約30分でご視聴可能!	利便性|スピード
ディズニー グッズ 激安等のキャラクターアイテムを買うならau PAY マーケット。ディズニー グッズ 激安などキャラクター・アニメに関する商品が満載。3,000万アイテム以上の豊富な品揃え。セール、送料無料の商品も多数！	無料|品揃え|オファー|商品/サービス特徴
雑誌やTVでも人気の布団を多数掲載。通販ならセール商品や送料無料の商品などお買得！	トレンド|無料|オファー|商品/サービス特徴
【Bridget Birkin】の通販	
今から就活準備を始めるあなたへ	その他
健康的で美味しい食事が自慢の施設特集! 日本最大級の掲載数/LIFULL介護	最大級・No.1|商品/サービス特徴
妊婦さん限定で無料配信中	限定|対象限定|無料
人気作家の話題作から専門書、コミックや絵本など豊富な取り揃え	トレンド|品揃え
インナーウェアを通販で買うなら	
全国2,000校以上の大学・短大・専門学校！日本最大級の進学情報／スタディサプリ進路	品揃え|最大級・No.1
au PAY マーケット。人気のアイテムが大集合！2,000万品以上の豊富な品ぞろえ♪送料無料商品やセール商品も多数掲載中！ポイントやクーポンをつかったお買い物もOK！あなたの欲しい物がきっと見つかる♪	オファー|品揃え|無料
福士蒼汰イメモのカラコン	商品/サービス特徴
山形県立保健医療大学の資料請求	
掛け時計 北欧 おしゃれ等のインテリアを買うならau PAY マーケット　au PAY マーケットは、掛け時計 北欧 おしゃれ含め各種インテリアが満載。SALE、送料無料もいっぱい！3,000万品以上の豊富な品ぞろえをご用意しております	品揃え|オファー|無料
人気音楽のCD等が激安取り扱い中	オファー
【イーデザイン損保の自動車保険】あなたの自動車保険、もっと安くなるかも!まずは無料お見積り	無料
【FODプレミアム】話題の最新作~過去人気作まで月額888円で対象作品見放題!	価格|品揃え
手続き簡単。割引クーポンを取得するだけで1人1泊4万円のツアーが26,000円に！	利便性|価格
シーンを選ばない万能ワンピ	商品/サービス特徴
【カーセンサー／公式サイト】	
人気のカラコンが≪全品送料無料≫パーティやデートもおしゃれな瞳で差をつけちゃおう	その他|無料
ペット・ペットグッズのネットショッピングなら通販サイトau PAY マーケット。ペット・ペットグッズの人気商品が勢ぞろい。昆虫用品、生体、犬用品・ドッグフードなどランキングやレビューで商品を比較できる。特集や一押しアイテムからおすすめの商品を紹介！送料無料やセールでおすすめ商品も多数掲載！ポイントやクーポンで更におトク♪あなたの欲しい物がきっと見つかる♪	オファー|無料|商品/サービス特徴
結婚式会場からジュエリーやドレス、引出物までブライダルに関するあらゆる情報なら、ゼクシィ	
小さい魔女とワルプルギスの夜配信中!FOD限定配信満載	品揃え
レディースワンピース・ドレスの通販。ファッション・靴・バッグを販売する丸井（○|○|）が運営。人気ブランドのワンピース・パーティードレスを豊富に品揃え。売れ筋ランキングや人気コーディネートも公開中です。新作商品続々入荷中！	品揃え|商品/サービス特徴
現金3,000円キャッシュバック!新規ご契約2大特典付きでお得なキャンペーン実施中	特典|還元
河野高明プロの監修のもとに作られた丘陵コース。ほとんどのホールから海を見る…	商品/サービス特徴
楽天ゴールドカード新規入会のご案内ページ。楽天ゴールドカードは楽天市場でのご利用がお得、お買い物はポイント最大5倍に。さらに国内空港ラウンジ無料サービス付きの手軽に持てるゴールドカードです。	還元|無料|オファー
セントグレース大聖堂の式場情報	
全国展開する女性脱毛サロンで培った確かな実績!男女のスタッフ在籍で安心。12~21時まで営業。	実績|商品/サービス特徴
LUKE with SKY LOUNGE	
リクルートが提供する中古車通販サイト「直売カーセンサー」です。全車保証車で安心の中古車がネットで買える!他社で掲載のない厳選したお得な中古車を取り揃えています!	オファー|高品質
レイクウッドゴルフクラブを予約	
【特典付き参加申し込み受付中】	特典
国内No.1の輸入タイヤ通販実績。ネットで買ってお近くの店舗まで直送可能。最短翌日到着。	利便性|スピード|最大級・No.1
電子マネーはQUICPay	
作品数Ｎｏ．１の動画・映像配信サービスｄＴＶ。お話や知育、生活スキル、歌、ダンスを盛り込み、子供たちの知的好奇心をくすぐる新感覚キッズバラエティ番組。「だい！おうえんだん」「イタリア・アルベロベッロのいえ」「ぼうけんちゃれんじじま」「音の世界」「まぐろの目」ほかを収録。	品揃え|対象限定|最大級・No.1|商品/サービス特徴
50万円以上高く車を売るチャンス	オファー
工事費込みでとってもお得	オファー
シチハゴジュウロク -工藤哲孝,笹古みともの電子書籍・漫画(コミック)を無料で試し読み[巻]。マガジン発！新時代青春綺譚！ラブコメ×怪奇×ミステリ！！ 煩悩だらけの少年・ゴローはある日、謎の美少女しちはが、どんぶらこと川を流れているところに遭遇する。その出会いは、奇妙な”身代わり”殺人の始まりだった――！	あらすじ
重力× 表情× エイジングの関係に挑むフェイス& ネックシートマスクが登場。	
目黒区(東京)・ドライバー、セールスドライバー、配送スタッフの求人/転職決定数No.1	最大級・No.1
この妄想が、あなたを変える。,無料	その他|無料
【TRAVELSTAR】のタイヤが激安	オファー
女性特有のゆらぎにお悩みの方へ 高麗美人	悩み解決
太陽光発電で余ったデンキは、電気料金の割引、ギフト券やポイントに交換!	還元|オファー|商品/サービス特徴
金利1％台から・WEB完結・最短即日審査／結婚式・指輪・新婚旅行・新居への引越しに。	利便性|価格|スピード
"INTER-CHAUSSURESはグローバルな視点とコンセプチュアルな個性が光る、シューズコンセプトショップ「インター・ショシュール」。自分らしいスタイルを謳歌したい女性に向けて、ハイクオリティな感性を提案します。""送料無料（一部商品を除く）・ポイント還元"""	還元|無料|商品/サービス特徴
JR東海/高級ホテル・旅館への旅	その他
社内不正の事実調査から法廷書類までサポート。削除・破損した機器も復元。相談無料	無料|商品/サービス特徴
スカパー／WEBから簡単手続き	利便性
限定商品や予約商品も豊富な取り揃え！他のショップにはない特典が充実／無料で読める電子書籍も	限定|品揃え|無料|特典
JTBなら出張から名古屋観光まで／お好きな交通手段や宿が選べる！ご予約はJTBで。	商品/サービス特徴
FEMMUE（ファミュ）の公式オンラインショップ。キャンペーンやここだけの限定アイテムも。	商品/サービス特徴
予約開始は1月21日から	
東京ディズニーリゾートへの旅行	その他
楽天カードのYOSHIKIデザイン!Mastercardブランドのみ選択可能。	商品/サービス特徴
積み立てでも預入れ時の為替手数料がずーっと0円!500円から積み立てできます。	無料|商品/サービス特徴
ルミヴェール ＴＯＫＹＯの式場	
TSUTAYA TV／見放題作品多数	品揃え
人気のスニーカーが充実の品揃え。モテる男は足元から！送料無料・即日発送商品多数。	その他|スピード|無料|商品/サービス特徴
贅を極めた名旅館と、往復JRのセットプラン。箱根旅行プラン充実／予約はJTB	商品/サービス特徴
結婚のお金まるわかりBOOK・彼専用ゼクシィなど情報充実!	商品/サービス特徴
学資保険の比較はこちらから	商品/サービス特徴
買い物するとマイルがたまる・電子マネー対応・超高還元キャッシュバックキャンペーン中!	利便性|還元
人気作品がついにドラマ化！新川優愛主演。登場人物、全員裏切り者ー。	トレンド|あらすじ|商品/サービス特徴
はじめてお買物頂くと後日使える500円分webクーポンをもれなくプレゼント	特典
「1年・走行距離無制限の保証」、「車両状態評価書」が安心・信頼の証です。	商品/サービス特徴
《ポシュレ》紹介商品を激安販売	オファー
おすすめカードランキングは必見!おすすめカード探すならこのサイトがおすすめ	
六角ナット 2種通販／ミスミ	
ネット審査で新規申込・借り換えOK!最新住宅ローン金利で徹底比較。一番低い金利は...	利便性|商品/サービス特徴
スカパーで毎日に小さな楽しみを	その他
第三銀行のマイカーローン情報を調べるなら!	
簡単調理レトルトカレーやこだわりのカレールウが通販なら早くて便利!しかもお買い得	オファー
関東・看護師、准看護師	
おすすめ宿泊プランをご案内	商品/サービス特徴
ご見学・ご相談は無料です。	無料
無料登録で試験解答が「公開と同時に」ご覧いただけます	無料
オリジナル商品やCM商品など、オススメ商品満載!5000円以上購入で送料無料	品揃え|無料
火災保険の比較なら、上場会社が運営する国内最大級の保険比較サイト「保険市場」!複数社の火災保険を、保険料・補償内容などで比較検討。火災保険を選ぶ前に知っておきたい情報コラムも多数ご用意しています。保険の検討・見直しは、保険市場にご相談ください。	最大級・No.1|商品/サービス特徴
【リクナビ2022】公式サイト	
なんだか妊娠してから、モヤモヤが止まらない...上司に妊娠報告したその反応は?	
【ATR RADIAL】のタイヤが激安	オファー
国分寺市(東京都)のエアコンクリーニングのプロの業者さんを探すなら、ユアマイスター☆豊富な写真で、プロのお掃除の方法や特徴が丸わかり。空いてる日程もひと目で確認!クレジットカード払いもOK。地域で人気がある国分寺市(東京都)のエアコンクリーニング業者さんを選べます!	利便性|商品/サービス特徴
人気チュニック・ワンピース通販	トレンド
長時間の装用を考えた、かろやかなつけごこち！含水率３８%の低含水レンズ	商品/サービス特徴
あったかスクールアイテムが勢揃い!セーターやコートで快適な通学に/セシール	商品/サービス特徴
法人様向け／簡単・安価に導入できる。日常の連絡にも活用	利便性|対象限定
【ゴースト-ボタン ハウスの幽霊たち】配信！過去作品も満載。ドラマはFODで見よう/公式	その他|商品/サービス特徴
知らないと損、おすすめ年金保険	その他
タンス／クローゼットを買うなら	
毎回大物ゲストを招き、トークやゲストとのコラボパフォーマンスをお届け	商品/サービス特徴
本気のまつげケア始めませんか?リバイブラッシュで、自信溢れるすっぴんまつげへ!	
期間限定のお試しプラン。他の脱毛と比べてみてください。キレイモの最新脱毛でスッキリ。	限定|商品/サービス特徴
今なら結婚式のキャンセル保険と最大50,000円分のギフトがもらえる。ハナユメ割で更におトクに！	特典|オファー
【ミスミ】の総合Webカタログ	
今着たい!が勢揃い。約25万点から見つかる、お気に入り/エポス利用で配送料無料	品揃え|無料
スカパーは多彩なプランが勢揃い	品揃え
初回31日間無料お試し／ギルティ-この恋は罪ですか-新感覚ラブ・サスペンスをdTVで体験	初回限定|無料
北日本自動車大学校のパンフを資料請求!全国2000校以上を掲載/スタディサプリ進路	品揃え|商品/サービス特徴
レディースチェスターコートなら	
奈良・企画営業(法人営業・個人営業)の求人・転職情報／2021年、新しい転職先を探す	その他
新規お申し込みでネット割引1万円!24時間365日事故受付/無料ロードサービス	利便性|価格|無料
各シーズン／機能などおすすめの布団を幅広く取扱中。即日発送・送料無料などお買い得	品揃え|スピード|無料
家具・インテリアのオンライン通販LOWYA(ロウヤ)のコーナーテレビ台。LOWYA(ロウヤ)はソファやテレビ台、ベッドなど4500点以上の品揃え【新生活にぴったりの8万円以下で作るワンルームコーディネート、部屋作りのアイデア掲載中】	品揃え|商品/サービス特徴
仙台市(宮城県)の車クリーニング(車内清掃)のプロの業者さんを探すなら、ユアマイスター☆エリアや料金、口コミや作業写真で比較して、地域で人気の仙台市(宮城県)の車クリーニング(車内清掃)の業者さんを選べます！無料で見積もりも可能。独自のメッセージ機能を使って、業者さんと直接やり取りをしながら、納得して依頼できます！	利便性|無料|商品/サービス特徴
0・1・2歳の今だからできること。Baby Kumonでおうちでの時間をもっと豊かにしませんか?	対象限定
家族のスペシャルな記念日、七五三。スタジオアリスの七五三についてみんなが知りたいことをすべて詰め込んだ目白押しの情報を一挙公開!注目の衣装やディズニー和装、 おでかけ用レンタルやイチオシの商品情報が満載。今年の七五三はスタジオアリスで決まり!	商品/サービス特徴
人気メンズポロシャツの通販なら	
【資料請求はコチラから】初心者も大歓迎です！初めてのネット出店で月商1800万円を超えた事例も	商品/サービス特徴
米粉ミルク通販ならauPAYマーケット／人気・オススメ商品で毎日SALE実施中	オファー
≪保証付き商品あり≫テーブル・座卓・ちゃぶ台が即日発送・送料無料などお買い得！	無料|スピード
≪ブランド商品多数有≫素材／形など豊富なメンズ財布が即日発送・送料無料でお買得！	無料|スピード
理想の結婚式／ゼクシィなら紹介会場数全国2700以上！式場47都道府県あり。フェア当日電話予約OK	利便性|品揃え
『出前館』では味の民芸の出前・宅配・デリバリーを簡単に注文できます。お得なクーポンが使える出前館は、をはじめ様々なジャンルの店舗を多数掲載しています。	品揃え|オファー|商品/サービス特徴
総合クレジットカードランキング	商品/サービス特徴
メンズダウンジャケット・ダウンコート(中綿含む)はこちら。丸井(マルイ)が運営するネット通販では人気ブランドを豊富に品揃え。新作商品も続々入荷中!	品揃え|商品/サービス特徴
【公式サイト】じゃらんゴルフ	
タイマーコンセント WH3211の通販ならミスミ・送料無料	無料
施工業者などは不要で、お客様自身で交換することができます。	商品/サービス特徴
累積18万件以上のご相談実績・復旧率95.2%・他社やメーカー不可でもお任せください!	実績|商品/サービス特徴
早めに撮ってゆったりお参り。スタジオアリスの早撮り七五三は嬉しい8大特典!	特典|商品/サービス特徴
現物取引&信用取引コースでそれぞれ最大10万円が当たるチャンス	
東京バイオテクノロジー専門学校	
テレビ台や本棚、キャビネットなど品ぞろいが豊富。即日発送・送料無料でお買得！	品揃え|スピード|無料
累計ご相談件数29万超 /データ復旧国内売上No.1の技術力 /支持され続けるには理由がある	最大級・No.1|実績
国内、海外人気アーティストの人気楽曲や、新作が満載！送料無料・即日発送対応。	スピード|無料|商品/サービス特徴
【カラコン 全品送料無料・当日発送商品も】充実した品揃えのカラコン専門通販サイト。	スピード|品揃え|無料|商品/サービス特徴
【AR機能付】新生活、理想の一人暮らしを始めたいあなたに。6畳/8畳でも広見え&おしゃれで部屋作りテクニックやインテリア選びのポイント、1R/1K/1LDK等の間取りの基礎知識まで家具インテリア通販のLOWYAがご紹介。費用・予算の悩みもまるっと解消!	対象限定|商品/サービス特徴
【あなたの見たいがきっと見つかる！】スカパーだから選べる多彩なプラン	その他
式場オススメプランや他多彩なプランが勢揃い/結婚式場を探すなら、ゼクシィ。	品揃え|商品/サービス特徴
六角穴付ボタンボルト UNCボタンキャップの通販ならミスミ・送料無料	無料
様々な最新ガス機器取り揃えています	商品/サービス特徴
お買い物をするたびにアイリスプラザポイントが貯まる!貯めたポイントであなたもお買い物上手に	還元|オファー
LIXILの浴室に簡単取付シャワーヘッド	商品/サービス特徴
介護支援専門員(ケアマネ)試験の解答速報を公開/カイゴワーカー	商品/サービス特徴
レジャー・アミューズメント・スポーツ施設の求人・転職情報／限定求人約85％	限定
メンズバッグの通販。ファッション・靴・バッグを販売する丸井（○|○|）が運営。人気ブランドのバッグやスーツケースなどを豊富に品揃え。用途、横幅別に探せて便利！タイプ別のランキングや人気コーディネートも公開中。	利便性|品揃え|商品/サービス特徴
【個人年金保険】	
経験豊富なプロの相談員が、無料で電話相談承ります。	無料
【公式】7SEEDS／まんが王国	
国内最大級の保険比較サイトで比べるとピッタリの引受基準緩和型保険が見つかる!	最大級・No.1|商品/サービス特徴
いま参加できるブライダルフェア	期間限定
中学テニス全国大会開幕、強豪たちが火花を散らす。関東大会のライバル・六角が、「縮地法」という特異なプレイスタイルの沖縄・比嘉相手に大苦戦。勝つためには手段を選ばないダーティなゲーム展開に翻弄される六角	
ゴールデンウィーク（GW）におすすめの国内ツアー、国内旅行ならJTB！レンタカー付プラン、温泉、友人との女子旅など、ゴールデンウィーク（GW）に人気のスポットをご紹介！ゴールデンウィーク（GW）におすすめのツアーが満載です。	品揃え|商品/サービス特徴
出前館だけのおトクなクーポン	特典
金利1％台から・WEB完結・最短即日審査／照明・装飾品・大型家具等インテリア購入に。	利便性|スピード|オファー
お得なカード選び!特典、ポイント、年会費で選ぶカード第1位は?	オファー
赤本の商品を買うならセブンネットショッピング。nanacoポイントが貯まりセブン-イレブンでの店舗受取・返品が可能、セブン＆アイの安心安全なネットショッピングです。	還元|商品/サービス特徴
幅広いジャンル圧倒的なチャンネル数のスカパーで毎日に小さな楽しみを。24時間カンタン手続き	利便性|その他|品揃え
全国38,000件掲載！業界一の情報量。HOME'S介護から名称変更しました。	品揃え|最大級・No.1
短期／長期インターンシップなら	
V6／It’s my life/ PINEAPPLE	
現在と6ヵ月後の査定相場もすぐわかる!まずは無料で、一括査定依頼&買取相場をチェック	無料|商品/サービス特徴
距離は長くないが、要所に池やバンカーが配され点で攻めるショットが要求される…	商品/サービス特徴
オンワード公式/人気のファッション通販【最大9%pt還元&送料無料多数】	還元|無料
【保険市場】20代～50代以上に人気のがん保険1位～5位をランキング別に徹底比較！	対象限定|商品/サービス特徴
エースJTBなら人気リゾートホテルのラウンジ・カフェ利用特典がついた商品も！	特典
6月1日インターンシップ・1day仕事体験応募受付開始前に3つの就活準備特典を受け取ろう	特典
2020/9/30までキャンペーン中!三井住友信託銀行100%出資。仮審査結果は最短即日。	期間限定|スピード|商品/サービス特徴
温泉ホテルの高層階エグゼクティブフロアの会場を貸切！贅沢なホテルウエディング	商品/サービス特徴
英語・中国語・韓国語対応、コカ・コーラの自販機を設置!	
具体的な仕事内容・業界説明・職場の雰囲気を聞こう!リクナビからWEB面接のコツもご紹介。	商品/サービス特徴
【2019年】激安ゲームソフトは？	
初めての方もお気軽に株式投資スタート。お店で相談・サポート。	商品/サービス特徴
【初回2週間無料トライアル】岡田健史主演!いくえみ綾の名作マンガをついにドラマ化!	初回限定|その他|無料
"【簡単入力で""50万以上""高く売れるかもっ！】損せずに満足の価格で愛車を売るなら車査定比較.com"	利便性|価格|オファー
お得なキャンペーンも実施／公式	オファー
親子で行く修学旅行 京都をご紹介します。見て、聞いて、体験する、教科書だけじゃわからない「生きた歴史」を学ぶ旅。往復新幹線+ホテルや新幹線日帰りパックなど、専門店ならではの価格と品揃え！JR+宿泊パックのおすすめツアー情報やランキング、お得な旅行プランの検索・予約が簡単に行えます。	利便性|品揃え|商品/サービス特徴
【激安】ダンスシューズ通販なら	オファー
金利1%台から・WEB完結・最短即日申込/株式買付・IPO申込資金・教育、旅行資金に。	利便性|価格|スピード
iPhoneといつものカードで決済	利便性
肌のキメを整えつるんとしたクリアな印象へ導くブースター美容液。朝晩の習慣に「C」の一滴を。	その他|商品/サービス特徴
さらに、楽天ペイアプリで初めてのコード・QR払いで500ポイントプレゼント	初回限定|特典
作品数Ｎｏ．１の動画・映像配信サービスｄＴＶ。ドリームワークス・アニメーション「マダガスカル」の続編。動物園から脱走した動物たちがアフリカを舞台に、新たなアドベンチャーを繰り広げる。監督・脚本は前作と同様、エリック・ダーネルとトム・マクグラス。声の出演は「トロピック・サンダー／史上最大の作戦」のベン・スティラー、「ビー・ムービー」のクリス・ロックなど。	あらすじ|最大級・No.1|商品/サービス特徴
【#Newans】オンワード公式通販	
WEB申込みOK・資金使途自由・初めての方にも安心。日本最大級のローン比較サイト/イー・ローン	利便性|最大級・No.1
つみたてNISAの取扱銘柄数が豊富だから好きなファンドが選べる!キャンペーンも実施中	品揃え|商品/サービス特徴
1900円以上注文で送料無料!人気コスメで『ずっと安心、ずっとキレイ』をいっぺんに叶えて!	トレンド|無料|高品質
月額888円で対象作品見放題。大人気推理サスペンスドラマ警部補・古畑任三郎が全話配信中	価格|商品/サービス特徴
博多駅から車で５分！今こそ伝えたい感謝の気持ち。一棟貸切の少人数ウエディング	その他|アクセス|商品/サービス特徴
人気のBS・CS番組が豊富にそろう/見れば見るほどスカパーのトリコになる!約80ch~お好みで選ぶ	品揃え
薬剤師のお仕事探しは日本最大級の薬剤師転職情報サイト【リクナビ薬剤師】詳細を今すぐチェック	最大級・No.1
【公式】カーセンサー/売却依頼	
"「売上が伸びない」とお困りの方。楽天市場は担当コンサルが""売れるお店作り""をサポートします"	悩み解決|商品/サービス特徴
【スカパー!だから選べる多彩なプラン】約80チャンネルから選べる。自分で作る自分好みの番組表	品揃え|商品/サービス特徴
アイボルト ドブの通販ならミスミ/15時までの注文で最短当日出荷可能・送料無料	無料|スピード
ふんわりとやわらかいテクスチャーで、たっぷりのうるおいを肌に届けるリポソーム乳液。	商品/サービス特徴
主演2人の仲睦まじいほのぼのナレーション収録風景と出演者&監督のインタビューや秘蔵映像をたっぷり!	
記事を読めば、知識がどんどん身につく。好きな会社が見つかる。世の中の動きが見えてくる。そして、100円から株が買える。dポイントもつかえる。100万円まで買い手数料0円。	無料|オファー|商品/サービス特徴
京都旅行、東京観光がお得な50歳からの旅クラブ「50+」(フィフティ・プラス)。JR東海の旅クラブだから新幹線のツアーが充実しています。	対象限定|オファー
保険市場のロボアドバイザーでは、年齢、性別など、6つの簡単な質問に答えるだけで、あなたにオススメの保険をご提案します！プレミアム、スタンダード、エコノミーの３つのプランをご用意。自分に必要な保険は何か、ご参考ください。	利便性|商品/サービス特徴
会員登録スタート／2022年卒向け	対象限定
新生活におすすめのイチオシ家電セットを揃えました。 まとめてお得・安心サービスのアイリスプラザで新生活の準備を!	高品質|オファー|商品/サービス特徴
家にいながら気軽にお買い物!LOWYAブランド送料無料。LOWYAのテレビ台で憧れのお部屋に模様替え	無料|商品/サービス特徴
スマホカバー 手帳型 全機種対応に関するアイテムを買うならau PAY マーケット。最新スマホケースや周辺アクセサリーなど、価格やタイプ別でカンタン検索。3,000万アイテム以上の豊富な品揃え。セール、送料無料の商品も多数！	利便性|品揃え|オファー|無料
リラノートチャーチ ベイ函館の式場！簡単検索＆リアルタイム予約／ゼクシィ	利便性
法人・事業者様向け／店舗のシフト管理の効率化サービス	対象限定|商品/サービス特徴
ホットペッパービューティー掲載	
京都府でお得な特典から結婚式会場探しをするならこちら。ゼクシィ相談カウンターは無料で何度でも相談可能!結婚準備[結婚式会場、二次会会場、ドレス、指輪]相談!結婚準備相談や保険セミナー、無料保険相談もあり安心。まずゼクシィ相談カウンターに相談してね!	無料|商品/サービス特徴
荒川リバーサイドに展開するフラットなつくりの落ち着いた雰囲気の林間コース。…	商品/サービス特徴
カウチソファからソファベットまでソファ選び放題≪保証付き商品あり≫更にお得な価格	オファー|商品/サービス特徴
リクルート運営の就活準備サイト／インターンシップ・1day仕事体験応募可能企業数6年連続No.1	最大級・No.1
KISSIN‘ MY LIPS/Stories/セブンネット限定特典/セブン‐イレブン受取りで送料無料	無料
車を下取りに出す前に、簡単査定	利便性
天候に左右されなく、土を使わず、お部屋を汚さず、野菜を育てることができます。	商品/サービス特徴
今話題の商品多数/健康維持や美容効果など女性にうれしい成分が豊富なすっぽんサプリをチェック	トレンド|対象限定|高品質
北欧家具もLOWYAでGET	
官公庁・法人様修復事例多数!国内最新設備 最大級の修復ラボ/約80%が48h以内に修復完了	スピード|最大級・No.1|高品質
希望の働き方から選べる高収入・好条件の優良求人を多数掲載中!自分らしい働き方が見つかる場所	
今、私たちは、試着室の中にいる。スポットライトはない。けれど、ファッションを愛する私たちがそこにいる。今は試着室の中で、新しい自分になる時。さあ、世界を一緒に明るくしよう。“送料無料(一部商品を除く)・ポイント還元” ステイスタイリッシュ	還元|無料
今なら初めて注文の方限定で＜1000円オフ＞クーポンプレゼント中。	限定|特典|対象限定
ユニクロオンラインストアで購入した商品を、全国約4万3,000店舗のコンビニエンスストア、お近くのユニクロで受取れます!	利便性
無洗米や雑穀米など、様々なお米を激安価格で取扱中。送料無料・即日発送商品も多数。	スピード|無料|オファー|商品/サービス特徴
MS-Kシリーズ コンタクタ形 標準形 直流操作 電磁継電器の通販ならミスミ	
コーディネートから今欲しいアイテムを検索!最旬のトレンドをマルイで手に入れよう	利便性
東京ガス契約者様限定の特典をご用意／本サイトからの新規お申し込みで撮影機器1台を無料貸出し	特典|初回限定|対象限定|無料
自学自習できる力を養うKUMON。この機会に公文式学習を始めてみませんか?	商品/サービス特徴
紹介商品好評につき売切れ間近	トレンド
今なら税抜1万円以上購入で、肌にツヤとハリ感をもたらす「アイディアルオイル」(5mL)	期間限定
人気カーテン・ブラインドの通販	
国内最大級の保険比較サイト	最大級・No.1
WEBでかんたん車買取比較サイト	利便性|商品/サービス特徴
【2月・3月】ブライダルフェア	
【3ステップで完了】一括車査定	利便性
まずは会員登録をして、リクナビ独自の限定コンテンツを確認しよう！	その他
返済/借入時のATM手数料0円	無料
12/ナオト・インティライミ オフィシャルファンクラブ“FCインティライミ”入会すると体験できる特典や入会手順、料金などを詳しくご案内!	特典
dポイントで株が買える!期間・用途限定ポイントも使える。ポイントがもらえる特典も。	特典|オファー
つみたてNISAの4つのポイントや、当社の対象商品などご紹介しているページです。低コストで長期・分散投資に適したつみたてNISA対象の投資信託を豊富に取り揃え、幅広いラインアップをご用意しています。資産運用ならSMBC日興証券へ。	商品/サービス特徴
【死亡保険】世帯主に万が一の事があった場合の必要生活資金は平均5,558万円。ご相談は保険市場	
スタディサプリなら月額1,980円で英文法の全単元の講義が見放題。仮定法や関係代名詞といった単元はもちろん、英作文、自由英作文もプロ講師による神授業で学べます。	価格|商品/サービス特徴
大人気はらぺこあおむし柄の母子手帳ケースor人気ブランドのマルチバッグが合計1万名に当たる	特典|トレンド
新規開業だけでなく店舗改装や厨房機器導入まで幅広くサポート/まずはお気軽にご相談から	商品/サービス特徴
営業・紙・パルプ【商社】の求人	
三菱UFJ銀行のカードローン「バンクイック」のページです。年1.8%~年14.6%、最高500万円までご融資。インターネットで24時間申込受付中!	利便性|価格
新学期生徒募集中!この機会に公文式学習を始めてみませんか?	その他
SMBC日興証券のダイレクトコースならいつ取引しても約定代金いくらでも信用取引の委託手数料は無料です。取引にはSMBC日興証券アプリがおススメです。	無料
ご利用限度額は10万円~500万円。「バンクイック」は最短翌日ご利用OK	スピード
【数量限定】	限定
100社以上から厳選【キャッシング】比較!低金利,安心,簡単秒速審査で最短即日融資	スピード|オファー|商品/サービス特徴
この機会に、お手頃価格で思い出に残る旅をしよう。	オファー
マルイ店舗で商品受取&返品が可能	利便性
作品数Ｎｏ．１の動画・映像配信サービスｄＴＶ。宮部みゆきの同名小説をドラマ化したヒューマンミステリー。同級生の死の真相を突き止めるため、校内裁判を行う高校生たちの姿を、複雑な心理描写と緊迫感の中に描き出す。ブレイク寸前のライジングスターが共演。	あらすじ|最大級・No.1|商品/サービス特徴
合コン・テキトー生活を続ける瀬高がある合コンで出会ったド地味女にー	あらすじ
紹介会場数2700以上/全国最大級の豊富なラインナップからふたりにあった式場をご提案	品揃え|最大級・No.1|商品/サービス特徴
楽天市場でポイント最大5倍！／国内ラウンジ年2回まで無料	還元|無料
航空券 新幹線 JR＋宿ホテルのセットプラン。国内旅行・ツアー満載のJTBで簡単検索。	利便性|商品/サービス特徴
タイヤ通販 累計販売2,600万本/最短翌日到着/注文から取付までワンストップ!取付店2,700店	スピード|品揃え|実績
プロ講師の圧倒的な解説力で受験対策!短時間の講義で苦手を徹底克服。14日間無料体験	無料|商品/サービス特徴
RAID・NAS・サーバーの復旧ならデータ復旧国内売上No.1のDDRにお任せ	最大級・No.1
まだ志望校が決まっていない君へ。興味のある大学のパンフをカンタン一括請求／公式	利便性|対象限定|商品/サービス特徴
メンズビジネスシューズ・ドレスシューズの通販は、靴の配送・返送が無料のマルイウェブチャネルで！人気ブランドを豊富に品揃え。大きいサイズ・小さいサイズも充実。売れ筋ランキングやコーディネートもご覧いただけます。新作商品続々入荷中！	無料|商品/サービス特徴
The Palm Garden Orient Villa	
オフィス移転時や、今預けている敷金が半額に／まずはお気軽にご相談から	
【2020年】学生人気のカード選び	商品/サービス特徴
人気の沖縄・北海道・大阪・京都・東京のプランをかんたん検索。ひさびさの旅のご予約はJTBで！	利便性|その他|商品/サービス特徴
モアコンが手数料を負担！コンビニ後払い手数料《0円》で安心・便利で商品が届いてから支払える!	利便性|無料|オファー
お惣菜・おかずが通販ならお買得	オファー
全国の30代~50代の女性を対象にしたすっぽんサプリランキング!1位に輝くのはあの商品だった...	対象限定
【無料試し読み】俺の好きな人が目の前で友達に…。思春期の好奇心は止まらない！	あらすじ|無料
【公式販売店】クオリテワンデー	
＜CD・DVD・Blue-ray・本＞予約サービス／セブンネット限定グッズや特典が貰えるチャンス	限定|特典
調理道具からキッチン家電までキッチンの全てが勢揃い。送料無料などお買得にGET！	無料|商品/サービス特徴
オンワードバイヤー厳選のギフトカタログ。全国各地の有名店自慢の商品取り揃え	品揃え
≪保証付き商品あり≫大容量収納からおしゃれ棚まで種類が豊富！送料無料などお買い得	品揃え|無料|商品/サービス特徴
新規入会＆利用で12,000円相当	初回限定|特典
<2019 NEW>しみにくい・ヒリヒリしにくい!抜群の塗り心地でコシのある艶々まつ毛へ	商品/サービス特徴
各シーズン／機能などおすすめの枕を多数取り扱い中。送料無料などお買得にGET！	品揃え|無料|商品/サービス特徴
口コミ・評判満載／ハナユメ公式	トレンド
借入可能かホームページで簡易診断【バンクイック】公式ホームページ	利便性
今なら楽天カード決済でラクマご利用分のポイント20倍！	期間限定|還元
医療保険の相談や見直しなら保険市場！選ばれている保険をランキング別で徹底比較	商品/サービス特徴
星付きシェフの美食が迎える、彩り豊かな「結婚式の街」。笑顔に包み込まれる祝福の時	その他|商品/サービス特徴|高品質
22卒学生のための就活準備サイト	対象限定
全物件の約9割が保証付き。安心して選べるカーセンサーで今すぐ検索。	高品質
愛知文教女子短期大学の資料請求	商品/サービス特徴
貸切露天風呂や部屋食付きの贅沢プランで大切な人と素敵なひと時を	その他|商品/サービス特徴
TVや雑誌で人気の商品多数掲載。すっぽんサプリの口コミもコチラから見れます	品揃え|商品/サービス特徴
女性にお得なカードが分かる！日々の買い物でポイントが貯まる・女性疾病保険・かわいいデザイン	還元|対象限定|商品/サービス特徴
老後の資金作り始めませんか？	その他
7月グランドＯＰＥＮ ！東京ベイを望む≪新リゾートウエディング≫	商品/サービス特徴
外国人の少女のような瞳に。ちゅるん系、ナチュラル系、ハーフ系の雰囲気を楽しめる	その他|商品/サービス特徴
名匠和泉一介氏による設計。１００万平方メートル（約３０万坪）という広大なス…	商品/サービス特徴
ナオトに会える特典付き!公式ファンクラブ“FCインティライミ”12/18会員限定生配信	限定|特典
さらに、マイナポイントをお申し込みのうえ、楽天カードをご利用で最大8,000ポイントを進呈!	特典|還元
各ジャンルに特化した専任ECコンサルタントがしっかりサポート!	商品/サービス特徴
有名ブランドからファストファッションまで安く手に入ります。まとめ買いでお得！	オファー
保険相談できる店舗数全国652店！東証1部上場会社が運営する国内最大級の保険情報サイト「保険市場」。直営のコンサルティングプラザでは、取扱社数37社から厳選して、あなたに合った保険をプロがご提案。上質な個別のスペースで保険選びから見直しまで、何度でも無料でご相談いただけます。訪問相談サービスも全国47都道府県対応！	無料|品揃え|最大級・No.1|商品/サービス特徴
エバーグロウクッション／FEMMUE	
BS・CS放送、多彩なジャンルの番組が豊富!見るたびにドキドキワクワクする時間をスカパーで。	その他|品揃え
2020年、渋谷・新宿に2店舗New Open!ご来店で当日全員にハンド脱毛体験を無料プレゼント。	特典|無料
亜姫は薄星と出会い、境遇の違いを超えて強い絆で結ばれる二人だったがー。	あらすじ
気になる生命保険を1～5位を徹底比較！いざという時に備えよう。	その他|商品/サービス特徴
トパーズ×モアコン「圧倒的透明感がカワイイ」限定カラーアメジストが登場！	限定|商品/サービス特徴
BS・CS放送番組見るならスカパー	
ザ コンチネンタル横浜の最新ブライダルフェア情報をご紹介！試食付き・試着付きなど内容盛りだくさんのフェアは必見です！人気の式場はフェアの予約も埋まるのが早くなっております。気になる式場のブライダルフェア予約はお早めに。	商品/サービス特徴
ENOTECA　PINCHIORRI（エノテーカ　ピンキオーリ）の最寄駅は名古屋駅。名駅直結！予約必至のレストラン！　三ツ星料理の上質な結婚式。ハナユメからのお申し込みで挙式費用が最大49万円おトクになることも！ブライダルフェア情報、おトクな割引特典、フォトギャラリー、口コミ、見積もり例が充実！結婚式場探しはハナユメ！	アクセス|価格|オファー|商品/サービス特徴
金利1.9%(実質年率)の特別な中古車が登場。認定検査員の「車両状態評価書」付き。	価格|商品/サービス特徴
入会金や教材費は不要です。この機会に始めてみませんか？	無料
年会費や還元率でお得なカードを徹底比較!ネットショップ利用でポイント高還元!Webで申込完結	還元|商品/サービス特徴
次回の無料体験学習の予約開始を、メールでお知らせします。今すぐ登録!	
名古屋／公務員・団体職員の転職	
発酵が引き出すチカラが、あなたの健康をサポート。万田酵素マルベリーで健やかな毎日を。	商品/サービス特徴
マリコレ　ウェディングリゾートの最寄駅はスペースワールド駅。スタイルの異なる３つのゲストハウスで貸切ウェディング。ブライダルフェア情報、おトクな割引特典、フォトギャラリー、口コミ、見積もり例が充実！結婚式場探しはハナユメ！	アクセス|オファー|商品/サービス特徴
みきもと凜最新ラブ！おとぎ話のような恋…今はじまる、リアル・シンデレラストーリー	あらすじ|商品/サービス特徴
と税抜15,000円以上購入で「ビューティ クレンジングバーム」(16g)をプレゼント!	特典
初回限定・送料無料など、多種多様なクーポンとキャンペーンをご用意。	初回限定|オファー|無料
健康食品、医薬品、日用品、ベビー用品、日用品などのインターネット通販のお店です。	商品/サービス特徴
「あたしがこの顔になるまで、何百万かかったと思ってんの?」現代女子のリアルを描く話題の作品	あらすじ
最も高い車買取会社はどこ？全国200社以上から、あなたに最適な車買取会社を厳選	品揃え|商品/サービス特徴
テクニカルサポート、サポートデスク(ソフトウェア・ネットワーク)の求人	
学校や職場でも使える自然な仕上がりのデザインであなたの瞳をナチュラルな仕上がりへ	
家具でリーズナブルにお部屋を格上げ。当店オリジナルデザインも多数取り揃えました。	品揃え|商品/サービス特徴
山梨・スポーツインストラクター／限定求人約85％	限定
【初心者が楽しめるゴルフ場から技術習得向きなゴルフ場まで様々なコースがあるのが特徴】佐久のゴルフ場ランキングから予約をするなら[じゃらんゴルフ]にお任せ。予約すればする程ポイントが貯まるので、お得にゴルフを楽しみたい方は必見!	還元|商品/サービス特徴
"売上が3倍になった店舗も!楽天市場のECコンサルタントと一緒に""売れるお店""を作りませんか"	
【完結/鬼滅の刃を一気読み】家族を殺した鬼を討つため、炭治郎と禰豆子は旅立つ!	あらすじ
ミネラル豊富な天然水をご家庭に	その他
今だけ!最大¥6000ptプレゼント 年会費¥0ポイント還元率1.2%の高還元率を申込	特典|還元|無料
マタニティウェア、マタニティファッションの特集ページです。定番のマタニティショーツやマタニティパンツ、マタニティレギンスの紹介だけではなく、普段のシーンに合わせたおすすめアイテムやスタイリングも紹介。商品別に先輩ママの活用術も掲載しています。|レディースファッションならユニクロ公式通販サイト	商品/サービス特徴
今すぐ買取相場価格をチェック	
人気アーティストの新作、限定版まで幅広くご用意！さらに送料無料・即日発送対応。	スピード|無料|商品/サービス特徴
正しい妊娠・出産・育児のノウハウが満載、冊数はご応募が早ければ早いほど多くお届けできます	商品/サービス特徴
まつげエクステ・マツエク商材の仕入れなら松風で。商材売上9年連続No.1の公式卸通販サイトには高品質なマツエク商材が勢揃い!グルー、抗菌クリーンラッシュ、フラットラッシュ、リムーバー、ツイーザーなど豊富なラインナップから最適な商材をご選択いただけます。日本製、Made in JapanはMatsukazeで。	最大級・No.1|高品質
高次元な品質とコストパフォーマンスの両立を実現する、HIFLYタイヤ特集!	オファー|高品質
ほっかほっか亭（ハークスレイ）	
タイヤメーカー「ダヴァンティ」は伝統を重んじる英国発でありながら、「INNOVATION」を最重要課題として過酷なテストを通過し、EU基準をはるかに上回り、DRYでもWETでもあらゆる路面状況に対応するグリップ力を持つハイパフォーマンスタイヤです。	高品質|商品/サービス特徴
【12/31(木)まで】今年の最後に、1番の感謝を込めて。	その他|期間限定
TVCMでおなじみ、50,000店舗以上で業界No.1。デリバリー・宅配のことなら出前館にお任せください	最大級・No.1
浄水器内蔵のキッチン水栓も工事費込みでご用意しています。	商品/サービス特徴
今よりもっと美しく、毎日もっとハッピーに。メイクアップソリューション オンライン	その他
ファッション通販サイト「マルイウェブチャネル」は、最新ファッションを提供するマルイ（丸井）のショッピングサイトです。	
オンワード樫山公式通販/人気のgaimo【最大14%ポイント還元&送料無料】	還元|無料
お買物前に必見!家具の配送組立と引取、お店の在庫確認、品質保証、全国配送ほか!	商品/サービス特徴
仕事のジャンルやエリアからも簡単検索/全国2000校以上から一括資料請求で進路選びをサポート!	利便性|品揃え
雑誌やTVでも話題のおすすめプリザーブドフロワーを多数取り扱い中。さらにお買得	オファー|商品/サービス特徴
モアコンは便利なネコポスと連携!不在時でもポスト投函でカラーコンタクトが届く安心のサービス	利便性|商品/サービス特徴
年収700万・スキルアップ/時短求人・土日休み・未経験OK・子育て優先求人等	商品/サービス特徴
新幹線こだま号のお得プラン。片道でも利用可能	利便性|オファー
【学資保険】教育資金のわからないを一緒に解決。オンラインの学資保険のご相談なら保険市場。	商品/サービス特徴
ヒゲ5回プラン 1,680円/回	価格
2020 ケアマネ試験解答速報	
累計184,637件のご相談実績。官公庁や上場企業の実績多数!データ復旧.comは11年連続国内売上シェアNo.1。365日年中無休・最短即日復旧可能。1秒でも早く1つでも多くのデータを最も安全に復旧します。	実績|利便性|最大級・No.1|スピード|その他
【復旧率95.2％】選ばれ続けて	実績
自動車愛好家たちに支持されるタイヤメーカーNITTO(ニットー)!トレッドパターンやコンパウンドなど常に最先端を追求する高品質なタイヤを一挙ラインナップ!	高品質
【無料】カンタン32秒で申し込み！最大10社に一括査定依頼できる	利便性|スピード|無料|商品/サービス特徴
フリーローン比較/書類不要・簡単手続きで融資を受けることが出来る!	利便性|商品/サービス特徴
人生ゲーム、ダーツなどボードゲームとその用品が今ならお得な価格！更に送料無料	無料|オファー
旧三菱東京UFJ銀行。借入可能かホームページで簡易診断	利便性
店舗のシフト管理の効率化サービス/まずはお気軽にご相談から	商品/サービス特徴
近くの宅配弁当を選んで配達可能！出前館オリジナルクーポンでおトクに	利便性|オファー
ファミュを代表する贅沢なカメリアオイルと美容液。	
ネット取引も充実／投資初心者も安心のサポート。投資情報のチェックはアプリが便利。	利便性|商品/サービス特徴
テイクアウトならピザが1枚500円！（税抜）【グラッチェガーデンズ練馬土支田店限定】	価格|対象限定
新潟・ウェディングプランナー／限定求人約85％	限定
体重が気になったらホットヨガ!代謝UPで脂肪燃焼、大量発汗デトックス。痩せ体質を手に入れる	悩み解決|商品/サービス特徴
秋の新作アイテムが充実	品揃え
きゅんとさせる、濡れツヤひとみ！瞳に瑞々しい透明感とニュアンスカラーをプラス	その他|商品/サービス特徴
1人でもご予約いただけるゴルフ場予約サービスの検索結果(新武蔵丘ゴルフコース)です。日本最大級のゴルフ場予約サイト [楽天GORA] だから、選べるコースもプランも充実!	最大級・No.1|商品/サービス特徴
2020決定版／1,029人のリアルな声や口コミの多い商品をチェック！女性におススメすっぽんサプリ	対象限定|商品/サービス特徴
"『月19,500円』で気軽に始められるプランも!楽天市場と一緒に""売れるお店づくり""を始めませんか"	価格
【アニメ・映画・スポーツ・音楽LIVEなど番組充実】スカパーだから選べる多彩なプラン	品揃え
保険の相談や見直し、申込までできると好評。お客様満足度97.9％	実績|商品/サービス特徴
店長、店長候補、店長補佐の求人	
女性保険の選ぶポイントは？保険選び・見直しで悩んだら保険市場で女性コンサルタントにご相談	対象限定|商品/サービス特徴
お客さま感謝デーはお買物が5%OFF!その他いろいろな特典がついてオトク	特典|価格
【MINERVA】のタイヤが激安	オファー
有名メーカー商品多数あり	品揃え
あなたにピッタリの料金プランをすぐに診断。	商品/サービス特徴
高知市／スーパー・CVS・生協	
原則来店不要。最大1000万円まで。事前審査の結果は最短即日ご連絡。	利便性|スピード
赤ちゃんの名付けに迷うあなたへ	
幸せが動き出したら、ゼクシィ。オススメの式場一覧や、人気の結婚式場ランキングも公開中！	商品/サービス特徴
少しでも高く愛車を売りたいなら一括査定がおすすめ！査定額を見比べて最高値で売ろう	オファー
モアコンは豊富な品揃えでご用意！あなたにピッタリのカラーコンタクトが絶対見つかる！	その他|品揃え
ワゴンモール用カーペットテープ通販ならミスミ	
定番からトレンドのメンズアウターが豊富。送料無料・即日発送商品も多数ご用意。	トレンド|品揃え|スピード|対象限定|無料
今ならルミエール ヴァイタルC 1mL、アイディアルオイル 1mL、	期間限定
レディースその他バッグはこちら。丸井（マルイ）が運営するネット通販では人気ブランドを豊富に品揃え。新作商品も続々入荷中！	品揃え|商品/サービス特徴
プロが教える原因と対処法・復旧率95.2%の技術力・最短5分診断、15分復旧	高品質|スピード|商品/サービス特徴
コスモウォーター／公式サイト	
全国のホテル・旅館を取り扱い。当日申込も可能	利便性|品揃え
課題を解決する様々な機能が満載のサロンメディア／ホットペッパービューティー	商品/サービス特徴
楽天カードのピンク色デザイン!楽天グループ優待サービスでもっとお得に。	オファー
参加した学生からの評価がわかる！インターンシップ・1day仕事体験評価機能開始	商品/サービス特徴
ネットで簡単に愛車の買取査定相場が分かる!50万円以上高く売るのも夢じゃない/無料	利便性|無料
車 売却一括査定がカンタン32秒	利便性|スピード
本や雑誌、ゲームなどの通販なら	
ＷＥＢサイトご利用の方に【特典】をご用意／本サイトからの新規お申し込みで無料お試し期間延長	特典|期間限定|対象限定|無料
SS300 UL 小径・低価格	オファー
女子力UPの必須アイテム！カラコンひとつでこっそり盛ってモテガール。	その他
コンタクトフィルムズ/送料無料	無料
お申し込みはWeb完結	利便性
【公式】オリックス・クレジット	
完結を記念して18巻+ブックエンドのセットをセブンネット限定で販売中!	対象限定
リゲイン メディラクトは第一三共ヘルスケア開発の指定医薬部外品。製薬会社オリジナル成分「ラクボン」を配合。約9.6億個の有胞子乳酸菌がおなたのお腹の悩みにアプローチします。便秘・軟便に効き、腸内環境を整えさらに胃にも効く。	商品/サービス特徴
栃木の理容・美容・エステティックの転職・求人情報はリクナビNEXT/転職決定数No.1	最大級・No.1
旬のトレンドアイテムが勢揃い！今秋のマストバイアイテムをマルイで手に入れよう	商品/サービス特徴
【完全個室×無料試食】フェアで高級料亭の会席を堪能。「料理1グレードUP」の特典も	特典|無料|商品/サービス特徴
洗濯機クリーニングが10,000円～	価格
LOWYAならおしゃれなソファが勢揃い!一人暮らしにもおすすめのソファベッドや人気のカウチソファやローソファー、おしゃれなスツール・オットマンなど幅広くご用意!	商品/サービス特徴
富山第一銀行のマイカーローン情報!厳選のマイカーローンをWEBで比較・お申し込み	利便性
ゼクシィ内祝い(旧:赤すぐ内祝い)では、出産内祝い(出産祝いのお返し)や結婚内祝いを、「のし(熨斗)・写真入りメッセージカード・名入れ・三越伊勢丹の包装紙」など、おしゃれで人気なサービスを無料で使って贈れます。さらに2,500円(税抜)以上なら送料無料!	無料|商品/サービス特徴
北海道22卒の新卒採用情報なら	
《認知度No.1》薬剤師転職サイト	最大級・No.1
カフスボタン・カフリンクスなら	
ホントの兄妹じゃなかった。なんかのジョーダンだと思ったよ。けどお兄の目は真剣でー	あらすじ
一般事務・アシスタント・受付／限定求人約85％	限定
スケジュール管理が難しい、ESって?/就活準備の悩みはリクナビで解決!	
入居前に雰囲気を体験できる施設特集！ 日本最大級の掲載数／LIFULL介護	最大級・No.1|商品/サービス特徴
【出店】ネットショップ開業	
あなたの愛車が今いくらなのか調べよう！たったの32秒で、最大10社に一括査定が可能	スピード
家で、コンビニで、お近くのユニクロでオンライン購入商品が受取れる	利便性
瞳に馴染む自然なレンズデザインだから、アイメイク感覚で毎日使いたくなる	商品/サービス特徴
会員限定特典盛りだくさん	限定|特典
愛車を最高額で売る秘訣は、比較するだけ！あなたに最適な買い取り業者を自動的に選出	利便性|その他|商品/サービス特徴
西東京調理師専門学校の資料請求	
ラグナヴェール プレミアの式場	限定
中野恵那ちゃん着用モデル	
（お客様満足度）（高価買取）（信頼と安心の比較サイト）３部門でNo.1達成。おまかせ買取査定	最大級・No.1
"愛車の""高額買取依頼""はコチラ"	オファー
ネットでいつでも、どこでもスピード査定!全国200社以上の優良な車買取会社と提携	利便性|品揃え
金利年1.8％-年14.6％	価格
【飲食店向け】多店舗展開のスタッフ教育に動画マニュアルを／まずはお気軽にご相談から	対象限定
簡単・安価に導入できる。日常の連絡にも活用／まずはお気軽にご相談から	利便性|オファー|商品/サービス特徴
東京ＩＴ会計法律専門学校横浜校	
【LINEトラベルjp】仙台市発沖縄行きの国内ツアー格安人気プランの検索結果一覧です。国内約80社50万件以上のツアーの中から、比較・最安値検索・予約ができます!LINEポイントも貯まり更に旅行がお得に!現地アクティビティ情報や観光ガイド記事も充実!	還元|品揃え|商品/サービス特徴
割引プランやポイントサービスでもっとおトクに!	オファー
Type-C USB A変換アダプタ AD-USB28CAFの通販ならミスミ	
バンクイック／公式ホームページ	
MISUMI-VONA（公式）【ミスミ】	
リクナビのOpenESなら、共通項目は再記入不要。ES作成の時間短縮に！	利便性
ありがとうの気持ちをカタチに。ご愛顧くださる日本全国のみなさまへ感謝の気持ちを	
ローンの金利や融資条件を一覧比較。ブライダル,旅行,不動産投資,証券担保などのローンをご検討中の方のお役にたつ豊富なラインナップ。ローンのシミュレーションも。	商品/サービス特徴
働くあなたのおしごとを支えたい。東京ガスからのサポートサービス	その他
福岡和白リハビリテーション学院	
高価買取No.1の車査定比較サイト！愛車の買取相場を知ろう。50万円以上の査定額UPも	その他|価格|最大級・No.1
月1回の先生とのお話と、楽しい教材がセットになった0・1・2歳の親子のためのBaby Kumon(ベビークモン)のご案内。親子で楽しく始めてみませんか？	商品/サービス特徴
金利比較・自動車購入・車検・修理費用に/あなたにピッタリのマイカーローン探しはグーネット!	商品/サービス特徴
売却のプロが査定/SRE不動産	
デビットカードとは、ショッピングなどのお支払時に現金感覚でご利用いただけるカードです。イオン銀行キャッシュ+デビットならイオンでのお買物がおトクになるお客さま感謝デー5%OFFやWAONオートチャージでWAONポイントが貯まるなど特典が充実。	還元|価格|オファー
今なら新規入会&利用で5,000ポイント!	特典|還元
【金沢】季節を問わず楽しめる	商品/サービス特徴
RESTAURANT LUKE with SKY LOUNGE（レストラン ルーク ウィズ スカイラウンジ）の結婚式場はこちら。写真や料金プランはもちろん、挙式・披露宴の感想・口コミも掲載。日本最大級のウェディング情報サイト【ゼクシィ】があなたの結婚を完璧サポート！	最大級・No.1|商品/サービス特徴
JTBおすすめプランで、女子旅をもっと楽しく!JR・航空券付きツアーの予約	対象限定
チケット先行抽選予約受付期間10/14 15:00-10/28 23:59。予告なしに終了の可能性がございます	その他|期間限定
ネット割、早割、証券e割で最大11,000円割引!無事故割引、継続割引、走行距離が短いほどおトク	価格|オファー
自宅で保険相談ができると人気	利便性
目元を自然に引き立てるナチュラルカラーが揃う全6カラー	商品/サービス特徴
準備から出店後まで充実のサポート/他とは違う集客力で売り上げUPへ導きます	商品/サービス特徴
旺文社の英検対策/セブン‐イレブン受取りで送料無料	無料
子どもも大人も一緒に楽しもう!JTBの家族旅行で思い出作り。	その他
建築用ブチルゴム系防水テープ VF414Zの通販ならミスミ・送料無料	無料
林間コース。アウトは松林や杉林でセパレートされた本格的な林間コースで、全般…	商品/サービス特徴
インターンシップ・1day仕事体験掲載予定企業公開中!就活準備ならリクナビ2022	商品/サービス特徴
【ゼクシィ】結婚式場・結婚式・ウェディングの総合サイト	
ネット環境があれば事前準備不要。スマホ等を使ってプロに保険の相談ができます。	利便性|商品/サービス特徴
チュ・サンウク×イ・ミンジョン「ずる賢いバツイチの恋」以来4年ぶりのダブル主演作！  「女の秘密」ソ・イヒョン×「ただ愛する仲」イ・ギウ豪華共演！  復讐に人生を捧げた貧しきマドンナ─、愛に運命を賭けた財閥の御曹司─ふたりの過去を結ぶ驚愕の真実とは？あなたの心を掴んで離さない！究極のノンストップ・スパイラル・ラブストーリー	あらすじ|商品/サービス特徴
名探偵コナン -青山剛昌の電子書籍・漫画(コミック)を無料で試し読み[巻]。ホームズに憧れる推理マニアの高校生。工藤新一がとある理由で小学生の体に！！小さな探偵が大活躍の奇想天外本格探偵アクション！	あらすじ|無料
持つことがゆとりのVIPローンカード。トップクラスの低金利を実現。契約枠はゆとりの800万円、提携CD・ATMは約173,000台で利用可能。最短60分で審査回答いたします。	スピード|品揃え|オファー
転職に年齢は関係ない！転職者の約8割が利用するリクナビNEXT。希望の求人が見つかる	その他|実績
株式会社LIXILのメーカー公式通販ストアです。LIXIL、TOSTEM、INAX、サンウエーブ、TOEX、新日軽の住宅設備機器のメンテナンス部品やオプション品、アクセサリを販売しています。 会員登録1,000円以上送料無料、在庫品当日出荷。「メーカー公式通販ストア」ならではの安心をお届けします。	スピード|高品質|無料|商品/サービス特徴
作品数No.1の動画・映像配信サービスdTV。赤ちゃんが前代未聞の不可能ミッションに挑む?!潜入捜査に失敗したベテラン警部。占い師によって赤ちゃんと体を入れ替えられてしまう。元の体に戻す為、ドジなパパと不可能ミッションを遂行せよ!	あらすじ|最大級・No.1
20代~50代以上の人が気になった学資保険をチェック!相談や見直しなら保険市場へ	対象限定
最新カタログ無料請求・マツエク専門メーカー。	無料
新幹線と宿泊のセットや日帰り旅行プランがお得/Go To トラベルキャンペーン対象プランあり!	オファー|商品/サービス特徴
無料で老人ホームを探すなら	無料
"うるおい&酸素たっぷりでUVカットにも対応！瞳につけるだけで""選ばれる""第一印象に。"	商品/サービス特徴
三菱UFJ銀行のマイカーローン(自動車ローン)のご案内。マイカーのご購入だけでなく、諸費用やオプション費用までお使いいただけます。ローン金利優遇サービスもご用意しております。	商品/サービス特徴
重電・産業用電気機器(メーカー)の求人・転職情報/希望求人が見つかる転職サイト	商品/サービス特徴
年会費初年度無料	無料
【冬の準備】心も体も温まるアイテム豊富・新作続々入荷／エポスカードご利用で送料無料！	品揃え|無料|商品/サービス特徴
オンライン相談なら【保険市場】	
JR東海ツアーズ ‘公式’	
はらぺこあおむしのマルチバッグなどを1万名にプレゼント!出生届は応募者全員プレゼント	特典
日向坂46 春の全国アリーナツアー2020 福岡公演/今なら初回31日間無料	初回限定|無料
8月・9月・10月出発のツアーが今ならお得！オンラインで24時間予約受付中。	利便性|期間限定|オファー
初期費用が抑えられるためお気軽に車のご利用が可能。選べる料金プラン登場。	オファー|商品/サービス特徴
glay58thsgをお探しならセブンネットショッピング。7net、西武・そごう、イトーヨーカドー、アカチャンホンポ、LOFTが集結した「オムニ7」。nanacoポイントが貯まりセブン-イレブンでの店舗受取・返品が可能、セブン&アイの安心安全なネットショッピングです。	利便性|還元|商品/サービス特徴
ハンド脱毛体験【無料】	無料
《業界最大級のフェア数・結婚式場探し》会場タイプ・挙式スタイルから理想の結婚式場を探そう	最大級・No.1|商品/サービス特徴
高く買取してくれる会社はどこ？最大10社が一括査定。50万円以高く売るのも夢じゃない	その他|品揃え|商品/サービス特徴
横浜ベイホテル東急の最寄駅はみなとみらい駅。横浜ならではの”眺望”と”美食”でゲストをもてなすホテルW。ハナユメからのお申し込みで挙式費用が最大135万円おトクになることも!ブライダルフェア情報、おトクな割引特典、フォトギャラリー、口コミ、見積もり例が充実!結婚式場探しはハナユメ!	特典|アクセス|価格|商品/サービス特徴
【乗り換えておトク】ネット割/早割/証券e割/無事故割引など割引サービスが豊富!	オファー
ATM利用手数料0円・全国5万台以上のATMでご利用可能/返済シミュレーションで返済額の試算が可能	品揃え|無料|商品/サービス特徴
車の下取り・買取を検討中の方へ	
安全装備が充実した新車に乗ることが可能!メンテナンスフルパッケージが受けられる	高品質|商品/サービス特徴
特典付き紹介会場数多数。あなただけの理想の結婚式をお得に探そう。無料相談はこちらから。	特典|品揃え|無料
エネトピアでんきが提供するサービスをご紹介いたします。	商品/サービス特徴
2万円以上お得に?厳選9社を最短5分で一括見積り。保険市場	スピード
はたらくママに大人気♪オールインワンの常識を覆す	対象限定
返済時の振込手数料0円	無料
医師 問題無ノ介を見るならdTV	
24時間365日受付	利便性
豊富なジャンルに多彩なチャンネル。日本最大の多チャンネル放送サービスをおうちで体験しよう。	品揃え|最大級・No.1
SUVからコンパクトカーまで品揃え豊富。	品揃え
【さっしープロデュース】つけてる感がないのに「ちゅるん」と盛れるカラコン	商品/サービス特徴
理想のカタチや予算相談も来店予約で安心!婚約、結婚指輪を探すなら/ゼクシィ	高品質
激安 アクセサリー・小物 通販	オファー
【仙台(宮城)】の正社員求人情報	
年金保険は必要？加入のメリット	その他
サクッと32秒で「一括査定」	スピード
なまいきざかり。 -ミユキ蜜蜂の電子書籍・漫画(コミック)を無料で試し読み[巻]。バスケ部マネージャーの由希は、キャプテンにひそかな片想い中。ところが、生意気な後輩男子・成瀬に弱みを握られて大ピンチ！強引な成瀬に振り回されるうちに、由希はいつの間にか…？ ド直球★バスケ部青春ラブコメ第１巻！	あらすじ|無料
あなたのマイスター	
肌呼吸できるファンデーション	
安心できるホームを無料で探す	無料
創作イタリアンLa Casa Blanca	
定番品はもちろん限定品まで買える	商品/サービス特徴
オープンキャンパス情報をまとめて検索。全国2,000校以上の大学・専門学校!	品揃え
【2020年秋、GRAND OPEN】1組貸切のプライベートな邸宅でオリジナルウエディングを！	商品/サービス特徴
コンテイジョン／FODで配信中	
種類豊富な最旬アイテムが続々!	その他|品揃え
さらにLINEポイント還元中	還元
静岡カントリー島田ゴルフコース	
"2020年""学資保険ランキング"""	
埼玉県全体をおちょくった快作	
【すっぽん小町：公式通販】	
公式／老人ホームならLIFULL介護	
全国から逸品グルメお取り寄せ!税込3,000円以上ご購入で使えるクーポンプレゼント	特典|商品/サービス特徴
【32秒でサクッと】車買取査定	スピード
車買い取り検討中の方にオススメ	その他
1動画最短1分から学べる!だから短時間でギュッと効率的に成績が伸びる。月額1,980円で小中高、大学受験に必要な5教科18科目の神授業が見放題。110万人の受講データで磨き上げた「神授業」を、塾や予備校・通信教育を圧倒的に下回る料金でご提供します。	オファー|価格|実績|商品/サービス特徴
お肌の調子を整えるうるおい補給	商品/サービス特徴
メダルマシン、ルーレット、ダーツなどボードゲームの全てが勢揃い！今ならお買い得	期間限定|品揃え|オファー|商品/サービス特徴
今が売り時?在宅が続く今だからこそ、まずはあなたの不動産価格を簡単60秒で無料査定!	無料|スピード
東京YMCA社会体育・保育専門学校	
2月15日(月)~20日(土)の6日間さまざまな業界の企業が大集結。オンラインで視聴しよう!	期間限定
世界52カ国以上に展開するグローバルタイヤブランドのMINERVA(ミネルバ)。低価格でありながら品質の良さに定評のあるタイヤを一挙ラインナップ!	品揃え|高品質
YOKKAICHI HARBOR 尾上別荘	
【2020年】車買取査定比較サイト	商品/サービス特徴
日テレ ポシュレ紹介商品はココ	
JR東海ツアーズ開業30周年。抽選で全国の逸品プレゼント/新しい旅行スタイルプランをご提案中!	特典|商品/サービス特徴
郡山市・ファッション・アパレル	
子供たちへの食育経験サービス。おいしい野菜を配送／まずはお気軽にご相談から	商品/サービス特徴
野菜と野菜ジュースが大変お買い得販売中。全国の新鮮な野菜が送料無料でご自宅まで	無料|オファー
中学受験に強い塾・習い事探しならテラコヤプラス。詳細な料金情報や口コミ、ランキングも充実	商品/サービス特徴
グランドビクトリア湘南／ホテルサンライフガーデンの最寄駅は平塚駅。遥か3万㎞の海を渡り移築された本物の教会で幸せの第一歩を・・。ハナユメからのお申し込みで挙式費用が最大105万円おトクになることも！ブライダルフェア情報、おトクな割引特典、フォトギャラリー、口コミ、見積もり例が充実！結婚式場探しはハナユメ！	アクセス|価格|商品/サービス特徴
【公式通販】飲みごたえ野菜青汁	
レディース・メンズ・キッズの人気アイテム続々入荷中!	
お尻まであったかチュニック多数	品揃え
ポシュレ紹介商品特集／公式通販	
スポーツ・音楽・アニメや映画など好評放送中!ご加入後は、約80chが2週間視聴料無料。	期間限定|無料|商品/サービス特徴
手ぶら体験OK/【最新/流行】のプログラムを常に開発!女性専用だからレッスンに集中できる	利便性|トレンド|対象限定|商品/サービス特徴
シエルベルテールの最寄駅はJR宇都宮駅・JR雀宮駅駅。来年4月までの結婚式ご希望の方 タキシード・ドレス1着無料！。ハナユメからのお申し込みで挙式費用が最大74万円おトクになることも！ブライダルフェア情報、おトクな割引特典、フォトギャラリー、口コミ、見積もり例が充実！結婚式場探しはハナユメ！	アクセス|価格|商品/サービス特徴|期間限定|オファー|無料
約5分であなたに向いている仕事がわかる！「リクナビ診断」を使って自己分析を進めよう	スピード
つくばビジネスカレッジ専門学校	
シンデレラはオンライン中／配信	
<ワンピース・チュニック>デザイン豊富なセシールなら欲しい服が必ず見つかる!セールも実施中	商品/サービス特徴
インターンシップ・1day仕事体験	
The Forest of Loldの最寄駅は久屋大通駅。オーダーメイドウェディングが叶う邸宅ゲストハウス【栄エリア】。ハナユメからのお申し込みで挙式費用が最大43万円おトクになることも！ブライダルフェア情報、おトクな割引特典、フォトギャラリー、口コミ、見積もり例が充実！結婚式場探しはハナユメ！	アクセス|価格|オファー|商品/サービス特徴
三菱UFJ銀行のカードローン。限度額50万円以下は収入証明書は不要です。	利便性
合同WEBセミナーでは企業の事業内容、先輩社員の話も紹介。気になる企業をチェックしよう！	その他|商品/サービス特徴
2,043人に聞いた、リアルなコラーゲンサプリの口コミもご紹介／1位のすっぽん小町体験レポあり。	最大級・No.1|商品/サービス特徴
神戸松蔭女子学院大学の資料請求	商品/サービス特徴
【来店不要】ネットで申し込みからお借入まで可能!最短60分で審査回答/最短即日お借入も可能!	利便性|スピード
マイティ ソー バトルロイヤルを視聴。多彩なジャンルの作品を配信中	品揃え|商品/サービス特徴
往復ぷらっとこだまと宿泊がセットになったダイナミックパッケージもございます。	オファー
セントラファエロチャペルで挙式	
《就活準備ガイド》リクナビ診断で自己分析、気になる業界や仕事研究、就活ノウハウ	商品/サービス特徴
F1サプライヤーを務めたYHI社がおくる、新進気鋭のタイヤブランド「NEUTON」をご紹介！AUTOWAYで取り扱うNT5000やNT8000等、主力パターンのスペックやサイズラインナップなど、一挙公開！	商品/サービス特徴
アニメ、ドラマ、映画など豊富なジャンルで月額500円(税抜)。初回31日間無料お試し	初回限定|品揃え|価格|無料
ドルチェからフチなしDIA14.0mm小さめ直径のコスプレ向きワンデーカラコンが登場‼ドルチェ スパンコールワンデー byZERU. DOLCE spangles 1Day byZERU. |キラキラと輝くスパンコールのように瞳を彩り飾る10カラーラインナップ♡	商品/サービス特徴
生活インフラの一つでもあるガスサービスについて、エネトピアガスはたゆまぬ品質向上を目指してまいります。	
有名店・人気店のおせちに加え、今年はオリジナルのおせちも。	商品/サービス特徴
日テレポシュレ人気アイテムはコチラ。バッグ、羽毛布団、財布、掃除機など売れ筋商品をチェック	トレンド|商品/サービス特徴
特典付き参加申し込み受付中!2月15日(月)~20日(土)の6日間さまざまな業界の企業が大集結。	特典|期間限定
ユニクロで異色のコラボが実現	商品/サービス特徴
高く早く売ることを追求する売却専門のプロ集団。お客様の9割以上が「満足」と回答。	オファー|実績
ソードアート・オンラインシリーズ配信中!FOD限定配信満載	限定|品揃え
那須連邦をバックに雄大に広がるコース/大迫力&感動のパノラマビュー満喫!	その他|商品/サービス特徴
夏はオーキャンへ行こう!学校情報が手に入るオープンキャンパスの予約は【こちら】から	
美容賢者の間でも話題の最先端ボタニカルスキンケアブランド「ファミュ」	トレンド
好きなお店を選んで簡単注文。あとは家や会社で待つだけ!近くの出前探すなら出前館	利便性|その他
水・ドリンクをケースで買うなら	
【ネット割引が全員必ず1万円!】口コミだけで選ぶより、専門家が選んだ自動車保険第1位。	価格|最大級・No.1
【マイナポイント事業対象】マイナポイントを楽天ポイントとして受け取り可能！	還元|対象限定
介護福祉施設運営の方へ／介護福祉に特化。簡単に使える音声入力サービス	利便性|対象限定|商品/サービス特徴
保険市場が生命保険を徹底比較	商品/サービス特徴
女性目線でおススメできるゴルフ場を大特集!女性ならではの特典も充実	特典|対象限定|商品/サービス特徴
2020年 がん保険最新ランキング	
パソコンやスマホに証拠は残っています。削除、破壊されている機器からも復元。	商品/サービス特徴
季節やトレンドに合わせた、美容知識を紹介。流行のコスメをあなたにご提案	商品/サービス特徴
車種別カタログや相場情報が充実/中古車探すならカーセンサーで。	商品/サービス特徴
国内最大級の保険比較サイト≪保険市場≫人気の医療保険を一括比較&資料請求。	利便性|最大級・No.1|商品/サービス特徴
住宅ローン2020年6月ランキング	
不動産を高く売却するならSRE不動産 あなたの自宅、今いくら?不動産売却のプロであるSRE不動産のエージェントが無料査定します。	無料|商品/サービス特徴
【7/7 NEW OPEN!現地見学OK】水・空・光の開放感を一組で貸切る贅沢ウエディング	商品/サービス特徴
人気の式場、気になる式場を検索！ブライダルフェア予約なら、ゼクシィ。	
コラーゲンサプリ比較しました	商品/サービス特徴
さりげなく瞳の印象をアップしてくれる全5カラーラインナップ	その他
リクナビ診断/公式サイト	
子供服・ベビー用品をお手頃価格で提供する「西松屋公式通販サイト」。西松屋とau PAY マーケットの協働運営でポイントもたまる！重たいミルクやおむつも全国配送。	利便性|還元|オファー|商品/サービス特徴
大阪からも京都からも１時間位で来れるので立地条件も良いですし、コースの距離…	アクセス|商品/サービス特徴
【美容院向け】お客様に写真で変化を伝えるカルテサービス／まずはお気軽にご相談から	対象限定|商品/サービス特徴
人気の自動車保険ランキング	トレンド
すっぴんでいることが増えた今…。≪盛れる≫人気のカラコンで、いつでも隙なし女子へ！	その他
専門家が選んだ自動車保険第1位。ネット割引が全員必ず1万円!	特典|最大級・No.1
「FODプレミアム」は、選りすぐりの人気ドラマやバラエティなどが月額888円（税別）で観れる	オファー
人気のカラコン勢揃い!!モアコンは【送料無料】 カラーコンタクト(度あり・度なし)ならカラコン通販のモアコンタクトにお任せ下さい。	トレンド|無料
公立はこだて未来大学の資料請求	商品/サービス特徴
国内空港ラウンジが年間2回無料	無料
LAZOR GARDEN OSAKA（ラソール  ガーデン 大阪）の最寄駅は中之島駅。中之島の貸切邸園ウエディング！梅田に近い中之島駅から徒歩2分。ハナユメからのお申し込みで挙式費用が最大120万円おトクになることも！ブライダルフェア情報、おトクな割引特典、フォトギャラリー、口コミ、見積もり例が充実！結婚式場探しはハナユメ！	アクセス|価格|オファー|商品/サービス特徴
【事例1】得した金額80万円(各社査定額:A社320万 B社340万 C社260万)車買取なら車一括査定	価格
日本全国5拠点 データ復旧国内売上No.1! テレビ取材実績多数	最大級・No.1|実績
女性の変わりやすい時期にアプローチ。高麗人参の力を定期コースでお得に試してみませんか?	オファー
PURE WHITE小倉・大分(ピュアホワイト)PURE WHITE(ピュアホワイト)大分店の店舗詳細ページです。PURE WHITE(ピュアホワイト)大分店にて、PURE WHITE小倉・大分(ピュアホワイト)の婚約指輪・結婚指輪の実物をぜひご確認ください。【ゼクシィ】ではPURE WHITE小倉・大分(ピュアホワイト)のマリッジリング・エンゲージリング情報が満載です。	商品/サービス特徴
顧客満足度第一で技術革新を続ける急成長ブランド MAXTREK(マックストレック)。コストパフォーマンスに優れたタイヤをラインナップ!	商品/サービス特徴
複数社の見積を比較して最高査定額をチェック/少しでも高く売りたいならカーセンサー	オファー
直径24センチの自家製ピザを20種類以上ご用意。ご注文はコチラ。	品揃え|商品/サービス特徴
法人様向け/オフィス移転時や、今預けている敷金が半額に	オファー
現金3000円キャッシュバックも!価格.com×コスモウォーターキャンペーン開催中。限定特典満載。	特典|還元
就活準備ならリクナビ2022	
日本最大級の医療総合求人サイト「ジョブメドレー」は初期費用・掲載費用が0円。病院・歯科クリニック・薬局・介護施設・保育園など、さまざまな施設/事業所の採用活動にご利用いただけます。	無料|最大級・No.1|商品/サービス特徴
着る毛布各種/M・Lサイズ Nウォーム素材ですっぽり全身あったか、なめらかな肌触り	商品/サービス特徴
あの人気番組が!過去作品も最新ドラマも一気に見直し可能。	品揃え|商品/サービス特徴
ホテル、旅館、宿泊施設サービスの求人・転職情報／2021年、新しい転職先を探す	その他
すかいらーくのお持ちかえり予約サイトです。お近くの店舗での受取日時を指定して、テイクアウトをご予約いただけます。	利便性
ふくれな,ユーチューバー,YouTuber,インスタグラマー,ラブホリックアイルーチェ	
注目の自動車保険を一括資料請求！国内最大級の比較サイトなら保険市場	利便性|最大級・No.1|商品/サービス特徴
"Bridget Birkinはさり気ないデザインの中に”女性の可愛らしさ”への思いを込めた「ブリジットバーキン」。“リボン・フリル・ビジュー”女の子の大好きが詰まったシューズブランド。細部にまでちりばめられたスイートなディテールが、エターナルな可憐さ、心が弾む多彩な表情を引き出します。""送料無料(一部商品を除く)・ポイント還元"""	還元|無料|商品/サービス特徴
"「三谷幸喜」脚本の人気ドラマシリーズ""警部補・古畑任三郎""を第三シリーズまで一挙配信中"	商品/サービス特徴
東海道新幹線こだま号とホテルの空き状況をリアルタイムに表示、カンタンな操作でご予約いただけます。ぷらっとこだまと宿を組み合わせた新しい「ぷらっとこだまフリープラン」なら、おトクに旅行できます。新幹線を利用したパッケージツアーを、専門店ならではの価格と品揃えでご用意しています。	利便性|オファー|商品/サービス特徴
2,500円以上送料無料!140種類以上から選べる写真入りメッセージカードも無料	品揃え|無料
建玉金額に応じて抽選で各月最大10万円プレゼント!委託手数料はいつでも0円。	特典|無料
\初心者さんも大歓迎/ 全国の支社から地域密着サポート!楽天市場でネット販売スタート	商品/サービス特徴
はまったら抜けだせない！？ジッポの魅力を追及してみた！ 「Wow! magazine」は一人一人の毎日に驚き・感動・出会いをお届けするメディアです。気に入ったアイテムがあれば、レディースファッション・グルメ・インテリア・家電・スマホケースなど、3000万品以上の商品が集まる「au Wowma!」でネットショッピングができます。	品揃え|商品/サービス特徴
コストパフォーマンスで選ぶならコスモウォーターがお得!キャンペーンでさらにお得に	オファー
利用者の77％が高く売れてます！下取りに出す前に、今すぐ査定額と相場価格をチェック	実績|商品/サービス特徴
2020年11月30日まで開催中!	期間限定
2020年 心斎橋本店 オープン	
予約開始をメールでお知らせ	利便性
東海道新幹線と宿泊のセットや新幹線日帰りプランがお得	オファー
【公式販売店】マジカルブリンク	
ガスとセットで毎年最大20,064円お得!	価格
本・コミック・雑誌・CD・DVD・ゲームの通販／セブンネット特典が充実／無料で読める電子書籍も	特典|無料
ETCカード作るなら、クレジットカードとセットの申込みがお得！年会費無料.期間限定キャンペーン	期間限定|無料|オファー
RJ11-RJ45変換アダプタ	
お子さまはもちろん、大人の方も一緒になって遊べるおもちゃで楽しい時間を。	商品/サービス特徴
あなたが本当にやりたい働き方は何ですか?希望の働き方から選べる高収入・好条件の優良求人多数	商品/サービス特徴
作品数Ｎｏ．１の動画・映像配信サービスｄＴＶ。烏野高校のメンバーの声を演じるのは村瀬歩、石川界人、日野聡、入野自由、林勇、細谷佳正、岡本信彦、内山昂輝、斉藤壮馬、増田俊樹ら。鴎台高校の星海光来の声を花江夏樹、稲荷崎高校の宮侑の声を宮野真守が演じる。	最大級・No.1|商品/サービス特徴
新規利用でポイントプレゼント!今だけネットショップ利用でポイント高還元!電子マネー対応	利便性|特典|還元
丘陵コース。高低差8mという立地に大小12の池を配してレイアウトされている...	商品/サービス特徴
とシートマスク「ドリームグロウマスク（RR）」を1枚プレゼント。	特典
初期費用やサーバーレンタル料、お水の配送料は無料!月々のお支払いは飲んだお水の料金のみ	無料|商品/サービス特徴
ナチュラルビューティーベーシックが、着る人のライフスタイルの充実を幅広い層に向けてご提案。	商品/サービス特徴
富士屋ホテルの最寄駅は宮ノ下駅。悠久の時を重ねたホテルが2020年7月15日グランドオープン。ブライダルフェア情報、おトクな割引特典、フォトギャラリー、口コミ、見積もり例が充実！結婚式場探しはハナユメ！	アクセス|オファー|商品/サービス特徴
【公式】LIXILパーツショップ	
作品数Ｎｏ．１の動画・映像配信サービスｄＴＶ。２０１１年１月に連続ドラマとして放送された「最上の命医」の、２０１６年、２０１７年に続くスペシャル版。自ら病に冒されながらも、消えそうな小さな生命に極限まで向き合う小児外科医の西條命を、斎藤工が引き続き演じる。そのほか、田中麗奈、永井大、村田雄浩、泉谷しげる、岸谷五朗らが出演。	あらすじ|最大級・No.1|商品/サービス特徴
ファミュが考える理想的な逸品を	その他
格安スタッドレス&ホイール通販	オファー
人気の生命保険1位～5位を発表	商品/サービス特徴
送料無料・セール品多数ご用意しております／玄関からインテリアを楽しもう！	その他|オファー|無料
自己負担0円からハイクラスまで、豊富なラインアップからおふたりにピッタリのプランをご提案。	オファー
【日本初上陸の人気ホテルが遂に見学開始】結婚式の新常識が、ここから始まる	その他|商品/サービス特徴
カンタン会員登録／約5分で完了	利便性|スピード
公立岩瀬病院附属高等看護学院の資料請求！全国2000校以上を掲載／スタディサプリ進路	品揃え|商品/サービス特徴
アクアリュクスの結婚式場情報!簡単検索&リアルタイム予約/ゼクシィ	利便性|商品/サービス特徴
0歳向けのBaby Kumonの教室、教材をご紹介します。月1回の先生とのお話と、楽しい教材がセットになった0・1・2歳の親子のためのBaby Kumon(ベビークモン)のご案内。親子で楽しく始めてみませんか?	対象限定|商品/サービス特徴
人気コーディネートを今すぐチェック!トレンドアイテムで季節を先取りしよう	トレンド
高級ホテル・旅館・ラグジュアリーホテル 関西エリアのご紹介。新幹線のお得なツアーから海外旅行まで取り扱うJR東海ツアーズ。おすすめツアー情報やお得な旅行プランの検索、ホテルや旅館への宿泊予約もできます。	オファー|商品/サービス特徴
山中美智子プロデュースカラコン	商品/サービス特徴
SETRE Glovershouse NAGASAKI (セトレグラバーズハウス長崎)の最寄駅は出島駅。【1日1組】隠れ家ホテルで叶える貸切W！試食付フェア開催中。ハナユメからのお申し込みで挙式費用が最大46万円おトクになることも！ブライダルフェア情報、おトクな割引特典、フォトギャラリー、口コミ、見積もり例が充実！結婚式場探しはハナユメ！	アクセス|価格|オファー|商品/サービス特徴
お客様満足度97%のサービス品質	実績|高品質
くもん出版のクリスマスにぴったりなおもちゃはこちら確認!	
信頼のソニーグループ	
オンラインで結婚式場探しを相談!自宅からプロに無料相談ができます。式場提案から見学予約手配までサポート。結婚式場、披露宴会場、二次会会場、1.5次会、海外・国内リゾートウエディングなどがご提案可能。	利便性|無料|商品/サービス特徴
日本最大級の出前サイト！出前館オリジナルクーポンでおトクに	オファー|最大級・No.1
"モテコンから、さらに瞳を魅力的に仕上げることができる""レディオアガール""が登場"	商品/サービス特徴
ゼクシィ内祝い(旧:赤すぐ内祝い)では、結婚内祝い(結婚祝いのお返し)を、人気のお菓子やおしゃれなカタログ式ギフトで贈れます。結婚内祝いに適切なのし、メッセージカード、伊勢丹・三越の包装紙など無料サービスが充実。2,500円(税抜)以上なら送料無料。	無料|商品/サービス特徴
人気レディースワンピご紹介	商品/サービス特徴
金利1％台から・WEB完結・最短即日審査／アパート・区分マンション・投資物件購入に。	利便性|その他|価格|スピード
幅広く圧倒的なジャンル数の中から、自分の視聴スタイルに合わせて1チャンネル単位の契約もOK。	商品/サービス特徴
ファミュのスキンケアを贅沢に堪能できる今だけの限定ホリデーセット。	限定
結婚式場を探すなら、ゼクシィ。予算や挙式スタイルで、理想の式場を見つけよう	商品/サービス特徴
特別金利1.9%(実質年率)で購入できるマツダ公式中古車サイト限定車を検索。	限定|価格
dTVなら365日のシンプルライフ等の人気作が観れる!	商品/サービス特徴
送料無料の商品多数ご用意/人気順や価格順、詳細検索等で欲しい物きっと見つかる!	品揃え|無料|商品/サービス特徴
ご予約は6月19日から!自分にぴったりの教材からスタート。詳細はこちらでチェック!	商品/サービス特徴
教育ローンなら、三菱UFJ銀行。ネットでカンタンお申し込み、来店不要でご契約!入学金や授業料などの教育資金なら、2ヵ月以内の支払済分もお申込OK。医学部や歯学部など、6年制大学の学費にもお使いいただけます。	利便性|商品/サービス特徴
法人・事業者様向け/従業員だけでなく、ご家族もご利用可能な福利厚生優待サービス	商品/サービス特徴
《1分で完了》WEBで無料相談予約・店舗検索／スマホから気軽にオンライン無料相談も受付中。	利便性|無料|スピード
愛媛県立医療技術大学の資料請求	
ロイブが女性の身体のために開発したオリジナルレッスンで満足の声多数。	対象限定|実績
2月無料お試しの受付は1月21日からです。0・1・2歳、この機会に始めてみませんか?	期間限定|無料
京都西山短期大学の情報を紹介しています。大学・短大の学部・学科の詳細や学費・奨学金、就職情報、オープンキャンパス、入試情報・偏差値などを掲載しています。資料請求や願書請求も可能。大学・短大の進学・受験情報なら【スタディサプリ 進路(旧:リクナビ進学)】	商品/サービス特徴
激安送料無料のモアコンタクト	無料|オファー
お腹空いた 出前館なら家や会社で待つだけ! スマホで簡単注文、ポイントも貯まる	利便性|還元|商品/サービス特徴
La　BOULETTE（ラ・ブーレット）　●スマ婚プロデュースの最寄駅は原宿駅。原宿「ブラームスの小径」に佇む1軒家のフレンチレストラン。ブライダルフェア情報、おトクな割引特典、フォトギャラリー、口コミ、見積もり例が充実！結婚式場探しはハナユメ！	アクセス|オファー|商品/サービス特徴
ニューノーマル時代の自動車保険	その他
「男なんて、みんな簡単」埋められない孤独を抱え、寂しさを男で紛らわす女子大生。	あらすじ
人気順や価格順、詳細検索等でお気に入りの商品を見つけよう！有名ブランドお取扱い	商品/サービス特徴
BASHI BURGER CHANCE 池袋店	
京都コンピュータ学院京都駅前校	
4種デザインのオリジナル出生届は応募者全員に無料プレゼント!	特典|無料
最大30社に一括査定依頼	利便性
【公式サイト】カーセンサー	
"【最短30分で審査完了】キャッシングランキング""免許証だけでキャッシングOK""Web完結."	利便性|スピード
《公式サイト》リクナビ2022	
メンズシューズの通販は、靴の配送・返送無料のマルイウェブチャネルで。ビジネス・カジュアル・スニーカーの幅広い品揃えから納得いくまでお選びいただけます。大きいサイズ・小さいサイズも充実。人気ランキングやコーディネートも公開中。	品揃え|無料|商品/サービス特徴
節電対策はバッチリ!設置するならコカ・コーラの自販機	商品/サービス特徴
dTVなら劇場版 チェブラーシカ等の人気作が観れる！	トレンド|商品/サービス特徴
人気商品が今すぐ買える	トレンド
法人・事業者様向け／多多店舗展開のスタッフ教育に、動画マニュアルを	対象限定|商品/サービス特徴
対策バッチリ・オンライン参加可	利便性|商品/サービス特徴
親を安心して預けられる老人ホームを、地域と予算からカンタン検索。	利便性|高品質
レディースバスケットボールなら	
マルチバッグも母子手帳ケースも出生届も、デザインはゼクシィBabyオリジナル!	商品/サービス特徴
サギ師VS悪党の爽快ストーリー	あらすじ
スマホから無料で結婚式相談	利便性|無料
【3STEP】車種・年式・走行距離を入れるだけ！初めてでも簡単にご利用いただけます	利便性
今話題の鬼滅の刃の最新刊を読むならまんが王国！	トレンド
警視庁捜査一課殺人犯担当･古畑任三郎が､完全犯罪をもくろむ巧妙な犯人と次々に対決する人気シリーズ第1弾!	商品/サービス特徴
海賊王に俺はなる！,無料,見逃し配信,見逃し	あらすじ|無料|商品/サービス特徴
高品質、低価格ずっと安心、ずっとキレイのセザンヌ商品がここで買える!	商品/サービス特徴|オファー|高品質
使いやすく さりげなく かわいいがコンセプト。ナチュラル好き女子大絶賛のカラコン	その他
dポイントもつかえる	
参加企業は毎週追加予定	
インターコンチネンタル東京ベイの式場！簡単検索＆リアルタイム予約／ゼクシィ	利便性
ゼクシィなら豊富な式場情報が満載。式場探しをゼクシィがお手伝い。口コミ体験レポートも充実	商品/サービス特徴
ITエンジニア（システム開発・SE・インフラ）・医療・福祉関連の求人・転職	
妊娠中の暇つぶしをお探しの方へ	対象限定
Web契約ならアマゾンギフト券500円相当プレゼント!原則来店不要、Webで24時間申込OK	利便性|特典
mimmamイメモのカラコン	商品/サービス特徴
オシャレ 長靴 レディースファッションアイテムを買うならau PAY マーケット。女性に人気のトップス・ボトムス・バッグなど、カテゴリごとにカンタン検索。3,000万アイテム以上の豊富な品揃え。セール、送料無料の商品も多数！	利便性|品揃え|オファー|無料
テーブルがカラー／サイズ／タイプなど幅広く取り扱い中。送料無料などお買い得！	品揃え|無料
ナチュラルカラコンで好印象に	その他
2020年秋冬のUTのアーティスト・コラボレーションに参加してくれたライアン・マッギンレーさん。先日公開された、LifeWear magazine2020秋冬でのインタビューに合わせ、過去のアーカイブから選んだ4作品のTシャツを着てセルフポートレートを撮ってくれた。	
サウンドクリエイター関連の求人	
日興フロッギーで、投資デビュー	
マルイ ショッピングアプリがリニューアル！今すぐダウンロード	
旅行約250社からまとめて検索	利便性|品揃え
こころ -夏目漱石,吉崎凪の電子書籍・漫画(コミック)を無料で試し読み[巻]。私が出会った「先生」は、不思議な人だった。過去に何があったのか。私は追いかけるが、判らないまま…。そしてある日先生から手紙が届く。	あらすじ|無料
激安のペットグッズを多数取扱中	品揃え|オファー
あなたの大切な車を最高額で売る	オファー
利用者急増、オンライン保険相談	商品/サービス特徴
忘れたことなんて一瞬もなかった――	あらすじ
約80チャンネルからお好みで	品揃え
1日150台､RAID､サーバ機器でも1日50台は復旧を完了させることが可能	実績
営業マンの訪問なし!不動産の価格が気になるなら、ITを活用したオンライン面談で簡単無料査定!	無料|商品/サービス特徴
【2021決定版】コラーゲンサプリ	
『映像研には手を出すな！』を独占見放題！外出先でもスマートフォンやタブレットから見られる。	利便性|商品/サービス特徴
最短即日発行・初めてでも安心！定番カード多数掲載！電子マネー・海外旅行保険	スピード|商品/サービス特徴
甘みと酸味のバランスが良い、フルーティーな味わい。発酵が引き出すチカラで健康サポート。	商品/サービス特徴
銀行のカードローンだから安心。気になる返済額もご確認できます。返済シミュレーションはこちら	商品/サービス特徴
ゼクシィなら、結婚式場決め手のポイントや利用した感想、式場写真など情報が満載。	商品/サービス特徴
お買得!お菓子やスイーツ、お肉までマルシェ限定価格でご用意。おトクな商品多数	限定|オファー
女性保険を選ぶポイントは？	対象限定
都心から1時間とアクセス抜群の林間コース、２人乗り乗用カートは天候問わず、…	アクセス
いま行けるブライダルフェア／対策バッチリ・オンライン型のブライダルフェア情報も満載。	その他|商品/サービス特徴
近くのお店からすぐに探せる	商品/サービス特徴
蜜×蜜ドロップス -水波風南の電子書籍・漫画(コミック)を無料で試し読み[巻]。HONEY…それは、九華科のお坊ちゃまの世話をさせられる普通科の生徒のこと！夏休み、バイトの最中に九華科の完璧男・可威（かい）とトラブっちゃった、ちょっとノロマな普通科の柚留（ゆずる）。2学期に柚留を待っていたのは、可威のHONEYに指名されたという究極の仕返し……?? ワガママ可威の世話役…って何それ??	あらすじ|無料
お正月の食卓を華やかに飾ろう。ご注文・ご予約はこちらから。	商品/サービス特徴
様々なシーンに映える、ベーシックなレンズデザイン	商品/サービス特徴
【東証一部上場】信頼と安心のSRE不動産ならあなたの不動産を高く、早く売ることを追求します	オファー
オクヒラテツコイメモのカラコン	
シピワンデー／送料無料	無料
株式投資をするならカンタン3ステップで口座開設/投資初心者も安心のサポート体制	利便性|商品/サービス特徴
さあ、2021年。今年の最初のフク集め。新年最初のお得がどっさり。	オファー
dTVなら野獣処刑人 ザ ブロンソン等の人気作が観れる！	トレンド
妊娠後期の暇にお悩みのあなたへ	対象限定
住所を指定してお店を選び、そのまま注文可能!クレジットキャリア決済も充実でかんたん注文。	利便性
橋本環奈イメージモデルカラコン	商品/サービス特徴
まふまふ LIVE Blu-ray&DVD	
真庭は比較的標高の高い場所にゴルフ場が点在/フラットから丘陵コースまで種類も豊富	品揃え
高ポイント還元率や年会費等で徹底比較!日本最大級の比較サイトでカードを探そう	最大級・No.1|商品/サービス特徴
標高950ｍの南斜面に位置し、全ホールから富士山が見え、眼下の甲府盆地の眺…	商品/サービス特徴
比較すると相場価格より高くなる	オファー
リニューアル！みなとみらいを望む四季の森に佇み、歴史と革新が紡ぐ【本物の迎賓館】	商品/サービス特徴
いつもの旅も、ひさびさの旅もJTBで。出張向けからご褒美旅まで商品満載	その他|商品/サービス特徴
働くママ、お家ママの元気のカギはこれだった...。量より質にこだわった、子育て世代応援サプリ	対象限定|商品/サービス特徴
【保育園・幼稚園運営の方へ】先生の写真撮影を効率化。撮影から保護者へのお届けまでサポート	利便性|対象限定|商品/サービス特徴
【スカパーだから選べる多彩なプラン】アニメ・映画・スポーツ・音楽LIVEなど番組充実	商品/サービス特徴
大阪・臨床心理士、カウンセラー／限定求人約85％	限定
YOKKAICHI HARBOR 尾上別荘の結婚式場情報！簡単検索＆リアルタイム予約／ゼクシィ	利便性
ジョブメドレー／企業向け	対象限定
【法人・事業者様向け】防災備蓄品の購入だけでなく、管理や廃棄までワンストップでお任せ	対象限定|商品/サービス特徴
初音ミクとコラボしたカラーコンタクトシリーズです！マジカルブリンク×初音ミク	商品/サービス特徴
高齢者専用住宅を探すなら、日本最大級の老人ホーム・介護施設の検索サイト、LIFULL介護(ライフル介護)。介護付有料老人ホーム、グループホーム、サービス付き高齢者住宅、特別養護老人ホームなど、ご希望にあった施設を無料で比較・資料請求・相談できます。※HOME’S介護は、2017年4月1日にLIFULL介護に名称変更しました。	無料|最大級・No.1
ミニカー／ミニ四駆のレア商品多数取扱い中。新品・廃盤・限定商品がお買い得でGET！	限定|品揃え|オファー
【インターンシップ・1day仕事体験応募可能企業数6年連続No.1】まずは簡単5分で登録!	スピード|最大級・No.1
【激安】チェーンストラップ通販	オファー
1900円以上の購入で送料も無料	無料
楽天プレミアムカードの新規入会ご案内ページ。世界の1,300か所以上のラウンジが利用できるプライオリティ・パスが無料、海外旅行保険自動付帯と海外シーンで役立つカードです。楽天市場や楽天トラベルで優待が受けられる特典も用意しております。	特典|品揃え|無料|商品/サービス特徴
現金に触れずにお支払いできるQUICPay(クイックペイ)TMをいますぐはじめましょう	利便性
Wedding Hill LaViena	
こちらはニトリの公式通販ニトリネット、着る毛布の商品一覧です。人気の着る毛布を多数ご紹介。店舗共通ニトリメンバーズカードでポイント獲得。	還元|商品/サービス特徴
"じゃらんゴルフなら""格安プラン""多数/じゃらんゴルフ公式ホームページで予約"	オファー
瞳をくっきりみせるフチありデザインで瞳を強調しつつ、瞳に馴染む全3カラー	商品/サービス特徴
シーブリンク／送料無料	無料
"《ナチュラル系》""ちょい盛""ですっぴんの時でも可愛く詐欺れちゃう！おすすめカラコン"	商品/サービス特徴
生活雑貨 日用品 激安通販なら	
98％の方が安くなった自動車保険	実績
來宮神社の最寄駅はJR来宮駅。來宮神社。ブライダルフェア情報、おトクな割引特典、フォトギャラリー、口コミ、見積もり例が充実!結婚式場探しはハナユメ!	アクセス|オファー|商品/サービス特徴
初めての方も安心	
【公式】カードローン専用ページ	
JR東海ツアーズの東海道新幹線＋ホテルのセットプラン／Go To トラベルキャンペーン対象！	特典|商品/サービス特徴
青山一丁目駅徒歩5分。【料理×寛ぎ】を愉しむ大人の一軒家貸切ウエディング	アクセス|商品/サービス特徴
【公式】KUMON/2月無料体験学習	期間限定|無料
2021年決定版/1,029人が本気で選びました!満足度・信頼度・商品力・お手軽度を徹底比較	商品/サービス特徴
《オンライン相談》おうちに居ながら、ゼクシィ相談カウンターと同じサービスが受けられます。	利便性
毎週更新のユニクロチラシ情報。限定特価情報やトレンドアイテム情報など、お得情報いっぱいのユニクロのwebチラシをお見逃しなく!	限定|商品/サービス特徴
練馬土支田店限定!テイクアウトならピザが1枚500円!(税抜)/すかいらーく公式	価格|対象限定
肌のキメを整えてつるんとクリアな印象へ導く、ブースター美容液	商品/サービス特徴
全国40,000以上の店舗から配達可能!出前館オリジナルクーポンでおトクに。	品揃え|オファー
額田郡(愛知)の求人・転職情報/転職決定数No.1	最大級・No.1
アリス、30歳。欲望のままに生きる女。大海原に漂う船で再会した男と繰り広げられる愛欲の日々──	あらすじ
送料無料店舗多数!雨の日でも送料変わらずお届け。全国45,000以上の店舗から探せる。	品揃え|無料|商品/サービス特徴
仙台(宮城)・通訳、翻訳者の求人	
【電話相談無料】プロの入居相談員がお客様一人一人に合わせて、柔軟にご提案をいたします。	無料|商品/サービス特徴
【最大30社一括同時査定依頼】まずは、カンタン10項目の入力で愛車の無料査定依頼の申込み!	利便性|無料|商品/サービス特徴
予約注文やセブンネット限定特典など、本・雑誌・CD/DVD・ゲームを豊富に取り揃え	品揃え|商品/サービス特徴
大学・専門学校の進学情報サイト	商品/サービス特徴
親を安心して預けられる老人ホームを探すなら、LIFULL介護 (ライフル介護)	商品/サービス特徴
dTVなら死刑執行人もまた死す等の人気作が観れる！	トレンド|商品/サービス特徴
三井住友トラストL&Fの不動産担保ローンは銀行とはひと味違う取扱基準で幅広く対応。	商品/サービス特徴
新品・中古問わずソフトを豊富に品揃え！さらに送料無料、即日発送商品多数	スピード|品揃え|無料
マットレスから小物のインテリア雑貨まで家具の全てが勢揃い。お買い得商品多数あり！	品揃え|オファー|商品/サービス特徴
顧客カルテ管理サービス「ならでわ/beforeafter」を特典付きでご紹介。東京ガスサイトからのお申込みで無料お試し期間の延長をご提供。飲食店、美容院、福祉施設、保育園、オフィスなど仕事の現場で役立つ様々なサービスを東京ガスが厳選して紹介するサイトです。	無料|商品/サービス特徴
レディースマキシワンピースなら	
注目のサプリ調査/リアルな声や口コミの多い商品をチェック!おすすめのサプリはコレ	商品/サービス特徴
西コース１８ホールは7000ヤードを越える距離があり、フラットで雄大なコー…	商品/サービス特徴
結婚式をあきらめない。安心価格で叶える、ゲストに「美味しい1日」を贈る結婚式	その他|オファー
「黒歴史」を見つけられ、焦って交通事故で死んでしまう。目を醒ますと、そこはー。	あらすじ
<初回購入送料無料/500円off>チュニック・ワンピースオシャレなのにあたたかいアイテム多数	初回限定|品揃え|価格|無料
万葉時代より狩場として貴族の遊び場となっていた阿騎野の地。その地に新たな息…	
通勤・アウトドアにも最適の紳士コートが大人気/セシール	トレンド
【2月28日まで】今だけ税込5,000円以上のご購入で、500ポイントプレゼント中!	期間限定|還元
自宅から視聴可能！「リクナビ合同WEBセミナー」をチェックしよう	利便性
あの有名メーカの冷蔵庫や炊飯器も激安でGET！しかも、送料無料など嬉しい特典付き。	無料|オファー|商品/サービス特徴
QUICPayをiPhone、Apple Payに設定しよう。まずはお持ちのカードがQUICPayに対応しているかを確認。	その他
【国内最大級】はじめてでも安心。‘ネット販売のプロ’があなたの出店をサポート！	利便性|最大級・No.1|商品/サービス特徴
映画 ダウト-嘘つきオトコは誰-を視聴。多彩なジャンルの作品を配信中	品揃え|商品/サービス特徴
【グラッチェガーデンズ練馬土支田店限定】テイクアウトならピザが1枚500円!(税抜)	価格
個別指導のある塾・学習塾一覧!1128件から探す!【2021年最新】テラコヤプラスでは全国の塾・学習塾(54,213件)を掲載中!詳細な料金・講師情報も紹介。実際に通塾したことのある生徒やその保護者の口コミ(評判)を元にした情報も充実。あなたにあった塾・学習塾を探してみよう!	品揃え|商品/サービス特徴
ネット限定商品あり	限定
彼女代行としてお金を稼ぐ女子大生と彼女に魅せられた男達のリアルを描くビターラブストーリー。	あらすじ
共通テスト対策・赤本フェア開催中！／セブン‐イレブン受取りで送料無料	無料|商品/サービス特徴
グッドデザイン賞受賞の実績！ウォーターサーバーはカラーラインナップが豊富でおしゃれ	実績|商品/サービス特徴
新作・定番が嬉しいプチプラ価格！品揃え豊富でSALE、送料無料がいっぱい	品揃え|無料|商品/サービス特徴
WEB合同企業説明会ならリクナビ	
初めてでも安心の【車買取査定】	利便性
＜NEW＞より低刺激を実現！目元ケア成分を新配合した 本格派ロングセラーまつ毛美容液	商品/サービス特徴
5人に1人が保険相談【学資保険】	
「お得な予算で、大きな夢を。」“50名150万円”の賢くお得な【NEXT WEDDING】新登場	その他|オファー
A273UHモーションコントローラ SSC I/Fの通販ならミスミ・送料無料	無料
この機会にコツコツ積立はじめませんか?預入れ時の為替手数料がずーっと0円!	無料
<愛車を納得の価格で売るために>数社の見積もりを比較して、1番高い査定価格で売却依頼!	オファー
専門店ならではの新幹線パッケージツアーをご用意	商品/サービス特徴
名匠井上誠一設計。海抜1,000mの高原に位置する伊豆の原生林に囲まれた夏…	商品/サービス特徴
森山みくり、彼氏なし。内定ゼロ。父親のはからいで、津崎平匡の家事代行として働きー	あらすじ
下取りより買取額が高価になる方法が見つかるかも！？まずは完全無料の査定依頼でチェック	無料
信頼と安心の一括査定サイト!利用者80%以上が査定士の対応に満足/お申込みが続々	実績
大分・ホテル、旅館、宿泊施設サービスの求人・転職情報／限定求人約85％	限定
【売れるネットショップを作りたい方】最新の成功事例集を無料で請求/詳細はコチラ!	対象限定|無料|商品/サービス特徴
ザ・グロー オリエンタル名古屋	
ザ・マスターズ天草コースを予約	
ハロー!プロジェクト所属のアーティストがゲストとコラボを繰り広げる音楽バラエティ	あらすじ
住所を指定してお店を選び、そのまま注文可能！時間がない方におすすめなのは出前館。	利便性|商品/サービス特徴
ケータイ決済＆クレジット対応／毎日WowなSALE開催中！送料無料や最短即日発送も	利便性|スピード|無料|オファー
30品目の国産野菜・食材をバランス良く配合。1日2包で野菜350g分の栄養素を補給できる健康への想いを込めた青汁です。	商品/サービス特徴
【ヒゲ脱毛】MEN'S KIREIMO	
ブラ・ショーツなど、2点以上お買い上げで5%オフでとってもお得/セシール	価格
スマホで手軽に出来る、ニガテの徹底攻略。通塾時間や初期費用も不要の学習法	利便性|無料|商品/サービス特徴
セブン‐イレブン店舗受取りなら送料無料＆豊富な取り揃えで限定商品も	無料|商品/サービス特徴
専門店ならではの新幹線パッケージツアーをご用意／新しい旅行スタイルプランをご提案中！	商品/サービス特徴
新規お申し込みも簡単。	利便性
ザ シーズンズランドマーク神戸／／北野の最寄駅は三宮駅。無料送迎車有×全館バリアフリー！お料理はフルオーダーで対応！。ハナユメからのお申し込みで挙式費用が最大123万円おトクになることも！ブライダルフェア情報、おトクな割引特典、フォトギャラリー、口コミ、見積もり例が充実！結婚式場探しはハナユメ！	アクセス|価格|商品/サービス特徴|利便性|特典|無料
Wedding Hills Azurの最寄駅は茨城県　守谷駅。口コミでも話題「ふたりらしいね！」をカタチにするコンセプトW。ハナユメからのお申し込みで挙式費用が最大82万円おトクになることも！ブライダルフェア情報、おトクな割引特典、フォトギャラリー、口コミ、見積もり例が充実！結婚式場探しはハナユメ！	アクセス|トレンド|価格|商品/サービス特徴|オファー
公式／医師の求人・転職の決定版	
【名古屋駅直結】祝儀制、会費制、2部制OK！絶品料理と絶景が魅力の大人気レストラン	アクセス|商品/サービス特徴
エポス利用で配送料無料!1,500ブランド以上を公式取扱い/毎日更新・カテゴリ別人気ランキング	トレンド|品揃え|無料
累積ご相談実績29万件以上 依頼のうち約80%が48時間以内に修復完了	スピード|実績
公式サイト】高額買取依頼も	オファー
参加企業は毎週追加予定！こまめにチェックしよう。	
作品数Ｎｏ．１の動画・映像配信サービスｄＴＶ。木村拓哉、檀れい、坂東三津五郎のほか、笹野高史、小林稔侍、緒形拳、桃井かおりが出演。	最大級・No.1|商品/サービス特徴
【ゼクシィ】ALTAVISTA GARDEN	
足元ボトルでお水の入れ替えもらくらく！家族に優しい天然水【コスモウォーター】	利便性|その他
初回限定送料無料！さらに税込5000円以上のお買い上げで500円オフ／セシール	初回限定|価格|無料
超激安のベビー・キッズ用品通販	オファー
おかげさまで1,900万袋突破。佐賀県産はがくれすっぽん丸ごと使用!定期コースが断然お得	オファー|実績|高品質
おうち時間もマルイで簡単ショッピング!秋冬トレンドアイテムを今すぐチェック	トレンド
JTBなら出張から大阪観光まで/あなたに合う条件検索をご提案!予約はJTBで	商品/サービス特徴
12/18(金)“FCインティライミファン感謝祭2020”会員限定生配信!今すぐ入会	限定|対象限定
言わずと知れた大人気野球マンガ	その他|トレンド
30代～40代女性に聞いたNO.1は	対象限定|最大級・No.1
「ついイライラしちゃう…」	
投資といっても株式や国債、金や話題の仮想通貨など、さまざまな種類があります。確定拠出年金や従業員持株会なども投資のひとつです。ご家族やご友人の中にも投資を行っている方は増えているのではないでしょうか。以前に比べ、投資はかなり身近な存在になってきており、投資人口も拡大しています。自分に見合った金額で投資を始めませんか。	
使って納得！LOWYAの家具でおうち時間を快適に過ごせるワケ。	その他
サプリメント・ナビゲーター景子と読者1029人が選んだ!安心と信頼はもちろん! すっぽんサプリ人気ランキング	トレンド
【公式】 -carsensor- 車査定	
長期でのお借入が可能で、余裕を持った返済プランを立てられます。	商品/サービス特徴
【日本最大級のECモール】楽天市場に出店・開業しよう!資料請求のお申し込みはこちらから	最大級・No.1|商品/サービス特徴
"公式ファンクラブ""a-i""限定価格"	限定|オファー
肌は美しく、心は上向きに。太陽の下で堂々と過ごせるトーンアップUVクリーム。	商品/サービス特徴
今持つべきカードをランキングで紹介! 期間限定ポイントがたまる高還元キャンペーン・年会費無料	期間限定|還元|無料|商品/サービス特徴
楽天市場出店で月商1800万超えも	価格
携帯決済OK／auPAYマーケット	利便性
Da-iCE公式ファンクラブ入会	
THE LANDMARK SQUARE OSAKA （ザ ランドマークスクエア オオサカ）の最寄駅は谷町四丁目駅。【11/21～23期間限定】4万円相当の試食&ギフト券1万円。ハナユメからのお申し込みで挙式費用が最大127万円おトクになることも！ブライダルフェア情報、おトクな割引特典、フォトギャラリー、口コミ、見積もり例が充実！結婚式場探しはハナユメ！	アクセス|価格|商品/サービス特徴|期間限定|特典
【ピザのテイクアウトが1枚500円!(税抜)】グラッチェガーデンズ/すかいらーく公式	価格
明日、私は誰かのカノジョを読むならサイコミ。恋の痛みが心に刺さるビターラブストーリー。	あらすじ
カーセンサーは最大30社に一括同時査定依頼が可能!より高い査定価格を知ることができる!	商品/サービス特徴
邦画が豊富で月額550円(税込)。いますぐ初回31日間無料お試し	初回限定|品揃え|価格|無料
セシールのカタログやチラシに掲載のご希望商品のコードを入力しご注文いただけます。	
2020年、心斎橋本店がNew Open!ヒゲやボディの期間限定お試しプランがお得に新登場。	期間限定|オファー
チケット先行抽選予約の申し込みが出来るのはファンクラブa-i会員だけ!入会はこちら	その他|商品/サービス特徴
駿台観光＆外語ビジネス専門学校	
最大50%OFFのガス機器特価イベント”エネトピア展”	価格
みずきてぃイメモのリッチベイビーユルリアは送料無料☆ カラコン全品【送料無料】モアコンタクトでは即日発送やネコポス(ポスト投函)もあります!カラーコンタクト(度あり・度なし)ならカラコン通販のモアコンタクトにお任せ下さい。	スピード|無料
2021年おすすめカードランキング	商品/サービス特徴
La　Grande table de KITAMURA　（ラ・グランターブル　ドゥ　キタムラ）の最寄駅は高岳駅。至福のフレンチに感激　歴史あるレストランで貸切贅沢セレモニー。ハナユメからのお申し込みで挙式費用が最大32万円おトクになることも！ブライダルフェア情報、おトクな割引特典、フォトギャラリー、口コミ、見積もり例が充実！結婚式場探しはハナユメ！	アクセス|価格|商品/サービス特徴
30代・40代の女性から人気の「すっぽん小町」イライラやどんよりに悩むママの救世主サプリ	トレンド|対象限定
オンワードバイヤーが厳選!日本各地の至高の贅沢お取り寄せグルメをご紹介	商品/サービス特徴
100% 天然シート採用！重力× 表情× エイジングの関係に挑む	商品/サービス特徴|高品質
イーデザイン損保の自動車保険の更新手続きはこちらから。	
【ゼクシィ】ラグナヴェール大阪	
お得なETCカードや利用方法を一挙公開！ETCカードを作るか検討中の方必見	対象限定|商品/サービス特徴
クレジットカード、携帯キャリア決済、ポイント払いなど支払い方法が多数選べる！	利便性
たった一回の申し込みで最大10社へ査定依頼が可能!あとは見比べて高いの所に売るだけ	利便性|オファー|商品/サービス特徴
東京ガスのご契約者様限定／ガス機器のプロが出張費無料で訪問	対象限定|無料
【ミスミ】なら1個から送料無料	無料
料理ジャンルが豊富、地元の人気店からチェーン店まで。丼・寿司・ピザもあって楽しく選べる	商品/サービス特徴
制御系 プロジェクトマネージャー(PM)、リーダー(PL)の求人・転職情報	
【success walk】の通販	
【ゼクシィ】セント フォレスト	
女性の薄毛でお悩みの方は、AGAスキンクリニック レディース院へ!薄毛治療・FAGA治療・女性育毛をお考えの方は、私たち専門医にご相談ください。電話・メール・LINEにて無料カウンセリング予約が可能。	利便性|悩み解決
バーム、ジェル、オイルから選べる人気のクレンジング。	トレンド|商品/サービス特徴
カードローンより計画的・低金利で安心!資金用途自由のフリーローンを借りたい	商品/サービス特徴
ロレアル パリ買うなら定番品はもちろん限定品まで買える充実の品ぞろえサイト	品揃え
今注目・人気・話題の雑誌が満載！送料無料・即日発送可能など嬉しい特典付き。	スピード|トレンド|無料
添乗員同行の安心プラン、自由に巡るフリープラン／Go To トラベルキャンペーン対象！	商品/サービス特徴
【学資保険】5分に1人が保険相談	
出店プラン・費用の詳細はこちら	
くもん、いくもん!公文式新学年生徒募集中!KUMONは幼児・小学生から中学・高校生まで、英語、算数・数学、国語どの教科でも1教科からご希望に合わせて学習できます。	商品/サービス特徴
肌荒れを防ぎ、ノイズのない肌へ	その他
中学2年生の春､芽衣の初めての恋は失恋で終わった･･･｡そんなとき､芽衣は静かな優しさを持つアツシと出会う｡2人の誕生日は同じ｢1992年2月29日｣｡しかも幼いときにすでに知り合っていたことを知り､運命的なつながりを感じた2人は､次第に惹かれあっていく｡	あらすじ
ザ オーク ガーデン（THE OAK GARDEN）の最寄駅は京都市役所前駅。東山を望む絶景チャペル×鴨川沿いのガーデン付会場で貸切Wを。ハナユメからのお申し込みで挙式費用が最大161万円おトクになることも！ブライダルフェア情報、おトクな割引特典、フォトギャラリー、口コミ、見積もり例が充実！結婚式場探しはハナユメ！	アクセス|価格|オファー|商品/サービス特徴
有料老人ホーム・サービス付き高齢者向け住宅などの人気施設ランキング！お探しのエリアでよく見られているのはどんな施設か、チェックしてみましょう。日本最大級の老人ホーム・介護施設の検索サイト、LIFULL介護(ライフル介護)※HOME’S介護は、2017年4月1日にLIFULL介護に名称変更しました。	最大級・No.1|商品/サービス特徴
大倉忠義が主演、広瀬アリスがヒロインを務め、夫婦関係に悩む主人公がタイムスリップという奇跡がきっかけで妻を入れ替えたことにより“本当に大切なことは何なのか”を模索するファンタジーラブストーリー！,無料,見逃し配信,見逃し	あらすじ|無料
毎日いろいろな場面で使える、4つのシーンから選べる全8カラー	商品/サービス特徴
手ぶらでホットヨガ体験0円	利便性|無料
ツルツルや薄くしたい方、あなた好みにデザインが選べる。全店駅チカで夜21時まで通える。	アクセス
LOWYAでつくる、おしゃれなお部屋/公式インスタグラムで家具のコーディネート実例集も掲載中	商品/サービス特徴
人気学資保険1位～5位も掲載	商品/サービス特徴
月々のお支払が飲んだお水の料金だけ。サーバーレンタル料やお水の送料は無料です	無料
オンワード(ONWARD)樫山公式通販サイト 【最大14％pt還元】	還元
作品数Ｎｏ．１の動画・映像配信サービスｄＴＶ。１９６０～７０年代に活躍したロックバンド“ザ・フー”を世界的スターに押し上げた２人のマネージャーにスポットを当てたドキュメンタリー。１９６４年、映画の助監督だった２人の青年は、無名のバンドを自分たちでスターにしようと野望を抱く。数々のドキュメンタリーでカメラマンを務めてきたジェームズ・Ｄ・クーパーの監督デビュー作。	あらすじ|最大級・No.1
出前・宅配・デリバリーの出前館	
リクナビ2022の会員登録なら	
倖田來未デザインプロデュースを含むワンデー、ラヴェールは全6色	商品/サービス特徴
来店不要でWEB申込み 全国のコンビニで利用可能!オリックス・クレジット	利便性
目覚めると監禁状態。現れたのはカコと名乗る見ず知らずの女。男の日常は陵辱されー	あらすじ
満足度・商品力・信頼度・お手頃度までサプリナビゲーターが徹底比較。1位の商品の体験レポあり	最大級・No.1|商品/サービス特徴
作品数Ｎｏ．１の動画・映像配信サービスｄＴＶ。２０１８年に急逝した俳優、大杉漣にとって最初のプロデュース作にして最後の主演作。死刑囚役に光石研、烏丸せつこ、古舘寛治といったベテラン俳優や、映画初出演の玉置玲央をキャスティング。監督・脚本は、死刑に立ち会う刑務官を描いた「休暇」で脚本を担当し、「ランニング・オン・エンプティ」で監督を務めた佐向大。	最大級・No.1|商品/サービス特徴
あなたに最適な買取業者を自動選出・最大10社に依頼可能。高額で車を売るチャンス!	オファー|商品/サービス特徴
【24時間カンタン手続きはこちらから】全てのチャンネル録画OK、好きなだけ楽しめます	利便性|商品/サービス特徴
全員プレゼントのはらぺこあおむしオリジナル出生届も！	特典
公式ホームページ	
マタニティのあなたにプレゼント	その他|対象限定
初期診断・見積は無料で対応/8つの無料サービス/まずはお問い合わせを!	無料
バランスモーメンツ／美容液	
保存食品・非常食のお買い得通販	
オンラインストアではすべてのお客様が特別限定価格対象	対象限定|オファー
作品数Ｎｏ．１の動画・映像配信サービスｄＴＶ。『パリの恋人』『プラハの恋人』に続くシン・ウチョル監督とキム・ウンスク脚本による“恋人シリーズ”３作目。中国最南端のリゾート地・海南島を舞台に、ヤクザのボスと女医という異なる世界に生きるふたりの恋物語を描く。	あらすじ|最大級・No.1|商品/サービス特徴
世界一キライなあなたに／dTV	
おうちから、プロのアドバイザーに相談しよう。Web予約はこちらから。	利便性|商品/サービス特徴
ウォーターサーバーを検討中の方へ。コスモウォーターは初期費用やサーバーレンタル料が無料	無料
選べるﾌﾟﾚｾﾞﾝﾄが1万名に当たる	特典
母子手帳ケースは大人気のはらぺこあおむし柄！マルチバッグはオシャレなドット柄！	トレンド|商品/サービス特徴
【信頼のソニーグループ】家の売却のプロが丁寧にアドバイス。無料査定受付中。	無料|商品/サービス特徴
合同WEBセミナー／毎週更新中	
いつでもスマホで簡単お申し込み	利便性
セシールのインナーはサイズ・デザインも豊富だから自分にピッタリの一枚が見つかる!	商品/サービス特徴
付録は【不思議の国のアリス】鍋つかみ&鍋敷き/式場選び、指輪探しなど情報満載	特典|品揃え
韓国ドラマが豊富で月額550円(税込)。最新レンタル作品も豊富に見れる	品揃え|価格
ユーザーの口コミ・評判でランキング。今、1番選ばれているウォーターサーバーはコレ	トレンド
有名ホテルも御用達のパン等おすすめのパンを多数取り扱い中。送料無料商品あり	品揃え|無料|高品質
エンジェルカラーから新しくアンドミーシリーズが登場♪イメージモデルは生見愛瑠ちゃん。くっきりフチや透明感系、ナチュラルに瞳を大きく見せるデザインまで幅広くラインナップ!カラーコンタクト(度あり・度なし)ならカラコン通販のモアコンタクトにお任せ下さい。	品揃え|商品/サービス特徴
『出前館』では武蔵村山市の出前・宅配・デリバリーを簡単に探せて注文できます。お得なクーポンが使える出前館は、ピザ・寿司・カレー・中華・弁当・パーティ・ケータリング・お酒など武蔵村山市の情報を掲載しています。	利便性|オファー|商品/サービス特徴
自動車保険を比較して賢く節約!サービスや満足度でも徹底比較。≪保険市場≫	商品/サービス特徴
希望日を選んで簡単にネットで予約完了。お掃除機能付きエアコンもプロにおまかせ	利便性|商品/サービス特徴
介護福祉に特化。簡単に使える音声入力サービス /まずはお気軽にご相談から	利便性|商品/サービス特徴
納得の金額であなたの愛車を売却	オファー
《公式》HOME'S介護（ホームズ）	
岡山県北の四季を感じる開放感！広大なGARDEN×自由なウエディング体験を！	商品/サービス特徴
ターミナルケアの相談が可能な有料老人ホームの特集。老衰やがんの際も延命治療は行わず、苦痛を緩和して最期まで自分らしく暮らせる終の住処です。日本最大級の老人ホーム・介護施設の検索サイト、LIFULL介護(ライフル介護)。※HOME’S介護は、2017年4月1日にLIFULL介護に名称変更しました。	最大級・No.1|商品/サービス特徴
0・1・2歳の今だからできること。無料お試しキャンペーンの詳細はこちらから。	無料
作品数Ｎｏ．１の動画・映像配信サービスｄＴＶ。注目の若手俳優、チョン・ヘインが初主演を務めたアクション時代劇。英祖が国王となった李氏朝鮮。英祖に反対するイ・インジャ率いる反乱軍は官軍に大敗する。武闘集団・御営庁５人集は投獄されたインジャを救出すべく、義禁府に乗り込むが…	トレンド|あらすじ|最大級・No.1|商品/サービス特徴
利用者数200万人突破	実績
土日休み/高年収/ハイクラス求人等あなたの希望の条件で求人が見つかる転職サイト	商品/サービス特徴
【美容院向け】店舗でできる、短時間の出張託児サービス／まずはお気軽にご相談から	対象限定|商品/サービス特徴
ユアマイスターなら地域で人気のプロを、口コミ・作業写真・料金で比較して選べます。	商品/サービス特徴
人気ソファが【カラー／タイプ／サイズ】選び放題！更に即日発送・送料無料でお買得	無料|スピード|商品/サービス特徴
Things Aoyama Organic Garden. dthの最寄駅は表参道駅。南青山の一軒家を貸切ってふたりの大好きを集めた結婚式を。ブライダルフェア情報、おトクな割引特典、フォトギャラリー、口コミ、見積もり例が充実！結婚式場探しはハナユメ！	アクセス|オファー|商品/サービス特徴
医師の求人・転職ならリクルート	
開業初心者に大好評。ネットショップ成功事例集プレゼント中!	特典|実績
お得な特典あり/40代女性のイライラ、もやもやにこのサプリ。喜ぶ女性の声多数掲載	特典|悩み解決|商品/サービス特徴
アールベルアンジェ嵯峨野で挙式	
～2017年10月ＰＧＡ日本プロシニア選手権5年連続開催～今年で開場23周…	
【この秋、大分に待望の新会場OPEN！】市街地に近く、緑・水・光が煌めくデザイン邸宅	商品/サービス特徴
楽天カードアカデミーの新規入会特典ご案内ページ。18歳から28歳までの学生の方にご入会いただけます。一部の楽天グループサービスご利用時に、通常の楽天カードよりもポイントが貯まる特典付きのお得なクレジットカードです。	還元|対象限定
ロングセラーカラコンのミスリリアが待望のワンデーになって登場	商品/サービス特徴
あなたの愛車の最高額がわかる	オファー
この新学期、KUMONをはじめよう	その他
期間限定でお買い得商品多数	期間限定|品揃え|オファー
今おすすめの人気のがん保険ランキングを発表!東証一部上場企業が運営する国内最大級の保険選びサイト『保険市場』では、実際にネットや通販で申し込まれた商品をランキングでご紹介!	最大級・No.1|商品/サービス特徴
命懸け、闇の世界のウェイトレス	あらすじ
『出前館』は全国35,000店舗以上の中から簡単に検索・注文できる日本最大級の出前サイトです。ピザ・寿司・カレー・中華・弁当・パーティ・ケータリング・お酒など様々なジャンルから簡単に検索・注文できます。出前館だけのお得なクーポンが満載。クレジットカードなど多数のキャッシュレス決済にも対応!	利便性|オファー|品揃え|最大級・No.1
梨花イメージモデルのナチュラルオシャレな度ありカラコン!カラコン全品【送料無料】モアコンタクトでは即日発送やネコポス(ポスト投函)もあります!カラーコンタクト(度あり・度なし)ならカラコン通販のモアコンタクトにお任せ下さい。 カラコン全品【送料無料】モアコンタクトでは即日発送やネコポス(ポスト投函)もあります!カラーコンタクト(度あり・度なし)ならカラコン通販のモアコンタクトにお任せ下さい。	商品/サービス特徴
Mazda U-car Searchなら、全国約600店舗のマツダ販売店のおすすめ中古車が盛りだくさん。マツダ販売店なら、信頼の品質、安心の保証、万全のバックアップ体制がついてきます。ぜひ検索してみてください。	高品質|商品/サービス特徴
作品数Ｎｏ．１の動画・映像配信サービスｄＴＶ。アメリカンコミックを原作に実写化した人気サバイバルドラマ第６シーズン。再会を果たしたリックとモーガンは、レジを殺したピートを敷地外に埋めるため外に出て谷底を発見するが、そこにはウォーカーの大群が集結していた。	あらすじ|最大級・No.1|商品/サービス特徴
桜舞う京都で混雑を避け、ゆっくりと桜観賞はいかがでしょうか。静かな早朝やライトアップされる夕刻に桜を観賞するプランなど、この時季だけの特別な8プランをご用意しております。京都旅行ならJR東海ツアーズ。往復新幹線+ホテルや新幹線日帰りパックなど、専門店ならではの価格と品揃え！JR+宿泊パックのおすすめツアー情報やランキング、お得な旅行プランの検索・予約が簡単に行えます。	利便性|品揃え|商品/サービス特徴
グッドデザイン賞受賞でお部屋のインテリアにも馴染むおしゃれなウォーターサーバー。	商品/サービス特徴
介護職員の技能向上を支援。オンライン研修なので負担なく継続／まずはお気軽にご相談から	利便性|商品/サービス特徴
証券会社を比較するなら、まずは価格.comをチェック!各社の手数料情報をはじめ、クチコミ情報、ランキングなど、さまざまな視点から証券会社を比較・検討できます!	商品/サービス特徴
【ミスミ】MISUMI-VONAなら、送料無料・【ミスミ】	無料
カメレオン女優・森川葵が、“変態”女子に!?	あらすじ
9月無料トライアル受付中！1週間で2回、公文式学習を無料で体験できます。詳細はこちらから。	期間限定|無料
中古車下取り -carsensor-	
セレス高田馬場 サンタ・アンジェリ大聖堂の最寄駅は高田馬場駅。新宿・池袋より5分。｢本格大聖堂挙式」と「星空挙式」が叶う。ハナユメからのお申し込みで挙式費用が最大81万円おトクになることも！ブライダルフェア情報、おトクな割引特典、フォトギャラリー、口コミ、見積もり例が充実！結婚式場探しはハナユメ！	アクセス|価格|オファー|商品/サービス特徴
CVV PSE対応 制御用	
金利1%台から・WEB完結・最短即日審査/余暇・レジャー・キャンプに利用OK。	利便性|価格|スピード|商品/サービス特徴
異空間へと誘うコンセプチャルなアートで注目されるダニエル・アーシャムさん。彼の作品の中でも特に話題の『フィクションとしての考古学(Fictional Archeology)』について探りつつ、リリースされるUT とのコラボレーションアイテムが生まれた背景についてNY のスタジオで話を聞いた。	
メンズインナーがブランド・サイズなど豊富な品ぞろい。送料無料などお買い得にGET！	無料|商品/サービス特徴
【公式サイト】FEMMUE／ファミュ	
おむつの通販／auPAYマーケット	
【例 A社:120万円 B:150万円 C:180万円】複数者に査定依頼が可能！一目で最高額がわかる！	利便性|商品/サービス特徴
上賀茂神社(賀茂別雷神社)/ワタベウェディング京都和婚の最寄駅は京都駅。世界文化遺産『上賀茂神社』神聖な空気の中 格式高い婚礼の儀を。ブライダルフェア情報、おトクな割引特典、フォトギャラリー、口コミ、見積もり例が充実!結婚式場探しはハナユメ!	アクセス|商品/サービス特徴
三井住友トラストL&Fの不動産担保ローンなら幅広い資金ニーズに対応可能。	商品/サービス特徴
マイナンバーカードを発行&マイナポイントのお申し込みをし、楽天カードをご利用いただくと最大5,000ポイントプレゼント!	特典
LIFULL介護で無料で検索	無料
まずはかんたんシミュレーション	利便性
安産に向けたからだ作りのアドバイスから、マタニティ生活を楽しむためのアイデアの紹介、出産準備のマストアイテムである抱っこひもとベビーカーの選び方、赤ちゃんがどう育っていくのか予習できる成長ノートなど、たくさんの情報をお届けします。妊娠初期から産後までずっと役に立つ情報が満載の「ゼクシィBaby妊婦のための本」をかかりつけの産科医院でぜひ手に取ってください。	商品/サービス特徴
二条城チャペルの式場情報 ブライダルフェアや先輩花嫁の口コミをチェック	商品/サービス特徴
タッチで、ラクラク!QUICPay(クイックペイ)。カードや携帯電話をかざして、お支払いが完了!ポイントやマイルなどの特典も受けられます。	利便性|特典
保険比較サイトなら保険市場。保険会社を選ぶための比較情報をご紹介します。一覧表示で有名保険会社の保険を徹底比較・まとめて一括資料請求できます。	利便性|商品/サービス特徴
作品数Ｎｏ．１の動画・映像配信サービスｄＴＶ。アルフレッド・ヒッチコック監督が手掛けたイギリス初のトーキー映画となるサスペンス。正当防衛の殺人を犯してしまった女、その恋人である刑事、ふたりを恐喝しようと目論む男。３人のやりとりをサイレント期に培った技巧を駆使してスリリングに描く。	あらすじ|最大級・No.1|商品/サービス特徴
共愛学園前橋国際大学の資料請求	商品/サービス特徴
クリスピー・クリーム・ドーナツ	
【かんたん45秒!】全国200社以上から最大10社に一括査定で、愛車が高く売れる! 初めてでも安心のサポート付き	オファー|スピード|高品質
【完全個室フェア】高級料亭の会席を堪能できる＜無料試食付＞【予約受付中】	無料|商品/サービス特徴
あなたの商品を楽天のネットショップで販売しませんか？選べる4つの出店プラン・費用をチェック	その他|商品/サービス特徴
うどん・そば・ラーメン・パスタなど豊富な種類。即日発送・送料無料などお買得！	無料|品揃え|スピード|商品/サービス特徴
リクナビ合同WEBセミナーLIVE	
ラクラク10分でお申込完了	利便性|スピード
マルチバッグはオシャレなドット柄!母子手帳ケースは大人気のはらぺこあおむし柄!	
"日本国内の2,374コースを掲載中!じゃらんゴルフなら""格安プラン""多数。"	品揃え|オファー
2020年オリコン顧客満足度ランキング/婚活マッチングアプリ部門1位	最大級・No.1
無洗米の通販を探すならこちら！特Aランク・新米など大人気お米が今ならお得な価格。	オファー
結婚式場探しに迷ったら、ハナユメにご相談ください。どんな状況でも理想の式場をご提案します。	
キッズスニーカー買うならこちら。送料無料・セール品多数あり／早速チェックしよう！	無料
東、西それぞれ18ホールずつ合計で36ホールで、ほとんどのホールから富士山…	商品/サービス特徴
口コミで好評／コスモウォーター	トレンド
JR大阪駅徒歩2分	アクセス
掲載施設数No.1	最大級・No.1
汚れを徹底洗浄,臭いスッキリ	
ヤマザキ動物専門学校の資料請求	
ドリームグロウマスク（BL）の紹介ページです。重力× 表情× エイジングの関係に挑むフェイス& ネックシートマスクです。深い眠りから目覚めたような、すっきりとした表情が似合うみずみずしい肌へ導きます。	商品/サービス特徴
インターンシップ情報が充実	商品/サービス特徴
不動産活用ローン。三井住友トラスト・ローン&ファイナンス〈略称:三井住友トラストL&F〉は、三井住友信託銀行グループの不動産総合金融会社です。	
エノテーカ ピンキオーリで挙式	
【ついに6月6日リニューアルOPEN】ゲストと喜びを分かち合う、らせん階段演出が話題！	トレンド|商品/サービス特徴
女性におすすめクレジットカード	対象限定
BAYSIDE GEIHINKAN VERANDAの結婚式場情報！簡単検索＆リアルタイム予約／ゼクシィ	利便性|商品/サービス特徴
30~40代のママ必見!余裕がなくてイライラ、自分のことは後回し。そんなママのお助けアイテム	その他|対象限定
enetopiaひかり マイページ エネトピアひかり契約情報の確認、メールアドレスの変更手続きをしていただきます。 enetopiaひかり マイページはこちら エネトピアひかり4つの特長 速い エネトピアひかりなら、通信速度が最大1Gbps!(※1)動画もショッピングも思う存分楽しめます。 おトク	商品/サービス特徴
鳴海カントリークラブ‐愛知県のゴルフ場予約、料金情報なら[じゃらんゴルフ]コース情報はもちろん、口コミ、フォトギャラリーなど情報充実、予約する度にポイントが貯まるのでお得にゴルフをお楽しみ頂けます。	還元|商品/サービス特徴
車の買取相場価格がたった32秒で	スピード
比較して愛車を格段と高く売ろう	オファー
北おおさか信用金庫の教育ローン申し込み/教育ローンの最適な借入をスマホで比較	商品/サービス特徴
「一週間に一回、私は【誰か】の彼女になる」彼女代行としてお金を稼ぐ女子大生のリアル。	あらすじ
エポスカード新規入会で即日使える2000円webクーポン貰える!入会費・年会費永続0円/送料も0円	特典|無料
作品数Ｎｏ．１の動画・映像配信サービスｄＴＶ。本宮泰風、山口祥行主演の任侠大作第１７弾。福井の坂下組々長・坂下を仕留めた氷室は、侠和会々長・工藤襲撃の黒幕が二代目西日本睦会々長・福本であることを川谷から知らされる。侠和会は西日本睦会へ宣戦布告し、川谷主導で氷室たちが動き出す。	あらすじ|最大級・No.1|商品/サービス特徴
フェア予約で先着で最大4万円分商品券プレゼント！式場探しはゼクシィがお得！	特典
攻略性豊かな本格的コース。アウトコースはゆるやかなアンジュレーションを持つ…	商品/サービス特徴
専門店ならではの価格と品ぞろえでご用意!	品揃え|オファー|商品/サービス特徴
作品数Ｎｏ．１の動画・映像配信サービスｄＴＶ。竹野内豊豪華女優陣が夢の競演！芥川賞作家・川上弘美原作『人のセックスを笑うな』井口奈己監督。奇跡のキャスティングで贈る、珠玉の恋愛映画が誕生！	最大級・No.1|商品/サービス特徴
全国47都道府県対応可能/累計ご相談件数18万件以上の実績/年中無休・24時間電話受付中	利便性|実績
子供の名前（男の子）に迷ったら	
気になったら、まずは資料請求	
運命学研究家監修の本格診断サイト	商品/サービス特徴
≪渋谷駅徒歩1分GRAND OPEN≫「密」にならない開放空間。絶景が広がる非日常の世界へ	その他|アクセス|商品/サービス特徴
話題沸騰!全く新しいメンズ脱毛サロン。今、男性が求める理想を一つひとつ形に。	その他|トレンド
a-i入会登録はこちら	
女性の薄毛・抜け毛の特徴は男性と異なります。女性のメカニズムを理解したうえで、 一人ひとりにあった対処法についてご紹介します。女性におすすめの女性薄毛専門外来もご案内します。	対象限定|商品/サービス特徴
広々空間でホットヨガ/体験レッスン0円。さらに当日入会で入会金・手数料0円!多彩なレッスン。	無料|商品/サービス特徴
奈良市、一般派遣の求人情報を176件掲載中&毎時更新。はたらこねっとでは1,500社以上の企業から、[時給1,700円以上][短期・長期][未経験OK、土日休み]など、あなたの希望条件で求人情報を検索できます。	品揃え|商品/サービス特徴
32秒で完了／スピード車買取査定	スピード
FODでは懐かしのドラマや、人気のバラエティ番組など豊富なジャンルが月額888円で楽しめる！	オファー|商品/サービス特徴
【エースJTB】往復交通＋ホテル	
お客様満足度97.9%。スマホとネット環境があればアプリ等の事前準備ご不要。ご相談は保険市場	利便性|実績
豪勇無双！唸る剛剣！必殺の魔剣！何を仕出かすか、ご存じ三十郎！！	あらすじ
フジテレビ不朽の名作・1966年の青春ドラマ『若者たち』をモチーフに、『北の国から』の杉田成道監督と、最高に豪華なキャスト陣で贈る、若者の悩み、葛藤、希望、夢、生命を描いた、珠玉の人間ドラマ。	商品/サービス特徴
今なら期間限定、送料無料キャンペーン中。送料無料でマクドナルドの出前がこんなにおトク!	オファー|無料
dポイントで株・ETF・REITが買える!期間・用途限定ポイントも使える。キャンペーン中	商品/サービス特徴
【WACOAL MATERNITY】の通販	
リゾート満喫!シーサイドコース。全ホールから太平洋の青く輝く海が見え、ガジ…	商品/サービス特徴
2020最新版／有名な金融機関まで	
さとみんプロデュースの『シピワンデー』は,大人女子を満足させる絶妙な大きさとサイズ感が魅力な大人可愛いが詰まった全4カラー!モアコンは送料無料でお届けします! カラコン全品【送料無料】モアコンタクトでは即日発送やネコポス(ポスト投函)もあります!カラーコンタクト（度あり・度なし）ならカラコン通販のモアコンタクトにお任せ下さい。	利便性|スピード|無料|商品/サービス特徴
なりたい瞳や人気のブランド、イメージモデルからピッタリのカラコンを見つけよう	トレンド
作品数Ｎｏ．１の動画・映像配信サービスｄＴＶ。ＳＨＩＮＨＷＡのエリック主演によるロマンティックコメディ。学生時代、同姓同名で才色兼備な同級生の陰に隠れて過ごしてきたオ・ヘヨン。やっとそのトラウマを克服した彼女に、なぜかアンラッキーな出来事ばかりが起こり…。	あらすじ|最大級・No.1|商品/サービス特徴
【JR大阪駅徒歩7分】18世紀の英国貴族の邸宅で、紳士淑女が叶える優雅なウエディング	アクセス|商品/サービス特徴
業界最大級／リクナビ薬剤師	最大級・No.1
口コミで人気の「すっぽん小町」	トレンド
平日17時・土日祝16時まで最短当日発送!国内最大級のカラコン通販サイト	最大級・No.1|スピード
三井住友信託銀行100%出資、銀行とはひと味違う取扱基準で幅広い資金ニーズに対応!	商品/サービス特徴
スカイエースチップソー卓上・スライド丸鋸用	
人気住宅ローン約30社徹底比較	商品/サービス特徴
【木梨の輪】配信中!2週間無料トライアル実施中。人気番組はFODで見よう/公式	期間限定|無料
わかりづらい保険も丁寧にご説明させて頂きます。創業25年目の東証一部上場企業運営の保険市場	実績|商品/サービス特徴
新規利用でポイントプレゼント!年会費無料・超高還元のキャッシュバックキャンペーン!	特典|還元|無料
ATR RADIALは、インドネシアの良質ゴムを素材に高品質タイヤを製造するメーカーです。世界中で評価が高く、100ヵ国以上に輸出。スポーツだけでなくスタッドレスやSUVタイヤまで幅広く展開しています。	品揃え|実績|商品/サービス特徴
100円から約3700銘柄の株が買える。100万円まで買い手数料0円!	無料|オファー
車査定比較サイトNo.1はコチラ	最大級・No.1|商品/サービス特徴
生駒山の裾にあたり変化に富んだ面白いコース/門真ICからゴルフ場まで15分	アクセス|商品/サービス特徴
初めてのお買物でクーポンが貰える。お家時間もマルイウェブチャネルで楽しくお買物!	特典
国内旅行ならJTB	
おしゃれ家具ならLOWYA	
CANMAKEのアイテムが約300点以上	品揃え
空想好きの女の子アンは、手違いから男の子を希望していたグリーンゲイブルズのカスバート家にやって来る。	あらすじ
<月額1980円から>入学金0円で始めやすい!スマホ・パソコンで取り組む学習法	価格|無料
式場オススメプランや他多彩なプランが勢揃い。理想の挙式スタイルや予算でカンタン検索	利便性|商品/サービス特徴
もう一度みたいあのドラマはFODプレミアムで。	商品/サービス特徴
ハナユメでブライダルフェアを予約しよう！試食＆試着付きのフェアなら、美味しく楽しく結婚式場探しができますよ。彼とデート気分で行けば、結婚式への気分も高まること間違いなし。気になる会場は早めにご予約くださいね。	その他|商品/サービス特徴
10代の女子中高生から絶大な支持を集めている吉木千沙都さんが完全プロデュース	商品/サービス特徴
総合結婚情報誌ゼクシィにはブライダルに関する情報が満載!結婚式場や二次会などの会場探しから、結婚指輪、新生活まで、花嫁も花婿も納得のゼクシィ最新号はこちらから!	商品/サービス特徴
【ゼクシィ】キャトルセゾン浜松	
アプローズスクエアＮＡＧＯＹＡ	
国内ダイナミックパッケージ（新幹線・JR＋宿） | 新幹線・JRとホテルを組合せて、自由にアレンジ！「1泊3日」「グリーン車指定」等も選択可。国内旅行・ツアー予約は、ポイントも使えてお得なJTB国内旅行	利便性|オファー|商品/サービス特徴
一括見積り、資料請求は保険市場	
新幹線と宿セットや日帰り出張プランがお得	オファー
来世は他人がいいを読むならまんが王国で。1巻無料作品・最新刊も多数配信!話題作多数	トレンド|品揃え|無料
定番から人気トレンド、新作が続々入荷！送料無料、便利な即日発送商品も多数ご用意。	スピード|トレンド|無料|商品/サービス特徴
リクナビ2022の登録はコチラ	
エンジェルカラーから待望のNEWシリーズ登場！いつも一緒なHAPPYワンデー	その他|商品/サービス特徴
月間保険ランキングであなたの保険選びをサポート!保険を徹底比較するなら保険市場。	商品/サービス特徴
大学資料請求／図書カード全プレ	特典|商品/サービス特徴
根本弥生プロデュースのカラコン	商品/サービス特徴
ラグナヴェール SkyTerrace	
お家時間をマルイでもっと楽しく！最旬トレンドアイテムがお家でじっくり選び放題	その他|トレンド
パラッツォ ドゥカーレ 麻布の式場！簡単検索＆リアルタイム予約／ゼクシィ	利便性
ガスとネット同時にお申込でお得	オファー
添乗員同行の安心プラン、自由に巡るフリープラン	商品/サービス特徴
【DAVANTI】のタイヤが激安	オファー
【公式】Baby Kumon／無料お試し	無料
監視カメラや警備員・万全の体制で安全にお客様のデータを復旧します	商品/サービス特徴
来店不要・口座をお持ちの方ならお振り込みでご融資可能。まずはお借入可能か簡易診断	利便性|商品/サービス特徴
人気ブランドのメガネフレームも充実／人気・オススメ商品で毎日SALE実施中	トレンド|品揃え|オファー
北陸を代表する山代温泉から車で５分。加賀温泉郷（山代・山中・片山津・粟津温…	アクセス
最新作から過去の名作まで人気の映画が多数!/新規ご登録から30日間無料	品揃え|無料
大阪ファッションアート専門学校	
ひさびさの旅は近場から始めよう。ツアー商品ならクーポンで新幹線や飛行機も割引に。	その他|オファー
【7／22 GRAND OPEN】日本初登場！マリオットグループの最高級ホテル「JWマリオット」	
バンドソーの選定・通販ならミスミ/短納期お届け商品が多数可能・送料無料	無料|スピード
今ならdTVとセット入会で300円お得!スマホ、タブレット、テレビでも楽しめる	価格|オファー
全国38,000件以上を掲載!日本有数の介護施設情報ポータルサイト	品揃え|商品/サービス特徴
マンダリン オリエンタルで挙式	
【カンタン/無料/安心】愛車の査定のことなら一括査定比較サイト。50万円以上高くなるかも	利便性|商品/サービス特徴|無料|高品質
最新の脱毛マシンで痛みも少なく、冷却ジェルを使用しないので時短!男女のスタッフ在籍。	商品/サービス特徴|スピード|高品質
JWマリオット・ホテル奈良の最寄駅は新大宮駅。悠久の地にインスパイアされた“JWマリオット・ホテル奈良”。ブライダルフェア情報、おトクな割引特典、フォトギャラリー、口コミ、見積もり例が充実！結婚式場探しはハナユメ！	アクセス|オファー|商品/サービス特徴
【24時間カンタン手続きはこちらから】話題の作品が今すぐ視聴可能！	利便性
ふたりの大切なウエディングをサポート。結婚準備のことならゼクシィへお任せ！	商品/サービス特徴
京都／GoToトラベルキャンペーン	
無料お試しキャンペーン受付中。入会金や教材費は不要です。詳細はこちらから。	無料
メンズテーラードジャケットなら	
ナチュ系ハーフ目になりたい人必見！大人気モテコンで女子力UP間違い無し。	対象限定
無料で安心の車査定比較サイト。最大10社があなたの愛車を査定し最高額で売却ができます。	品揃え|無料
ペア 食器 おしゃれの商品をおトクに買うならau PAY マーケット 定番アイテムから旬なものまで嬉しいプチプラ価格!品揃え豊富でSALE、送料無料がいっぱい!3,000万品以上の豊富な品ぞろえをご用意しております	品揃え|オファー|無料
日本自然環境専門学校の資料請求	
コスモウォーターのお水は産地で汲み上げられた天然水を新鮮なままご自宅までお届けします!	高品質|商品/サービス特徴
SBIエステートファイナンスの不動産担保ローン申し込み/最適な借入を一覧で比較	商品/サービス特徴
2020年人気No.1カードは？	
【復元率95.2％】博多駅徒歩1分	アクセス|実績
作品数Ｎｏ．１の動画・映像配信サービスｄＴＶ。廃墟と化した街で行方不明になった娘を救出すべく、母・ローズが謎と怪異に包まれた街で娘の影を追うミステリー・ホラー。主演は「メリンダとメリンダ」のラダ・ミッチェル。共演に「マジェスティック」のローリー・ホールデン。プロダクション・デザインにクローネンバーグ作品の美術を多数手掛けるキャロル・スピア。監督は「ジェヴォーダンの獣」のクリストフ・ガンズ。	あらすじ|最大級・No.1|商品/サービス特徴
【無料】たった一度の入力で、最大10社へ一括査定依頼!「やってよかった」の声続々	利便性|無料|実績
大阪テーマパークダンス専門学校	
作品数Ｎｏ．１の動画・映像配信サービスｄＴＶ。日本からは中村獅童、原田眞人が出演し、アジアの熱い武道への精神を映し出す。	最大級・No.1|商品/サービス特徴
【公式】LOWYA／家具通販サイト	
カードキャプターさくらを読むならまんが王国で。無料まんが3000作品以上!話題作多数	品揃え|無料
車を高価格で売りたい方、必見	対象限定
片手で楽々ボトル交換できる	利便性
就活準備を全力サポート	商品/サービス特徴
愛車を手放そうかお悩みの方...。カーセンサーなら《最高額》で売却依頼できるチャンス!	オファー
インターンシップ・1day仕事体験ならリクナビ2022／就活準備をサポート	商品/サービス特徴
カーセンサーは最大30社に一括査定依頼ができるから、他社との価格が比較しやすい!	商品/サービス特徴
安心して老後を迎えるために	その他
タイトル多数!不朽の名作から新作、限定版DVDなど幅広くご用意。送料無料商品多数	無料
厳選したマツダ中古車が充実。正規販売店ならではの高品質な中古車が見つかる。	高品質|商品/サービス特徴
美顔器、光脱毛器など今大人気の美容機器が勢揃い！送料無料・即日発送商品多数。	スピード|トレンド|無料
【24時間カンタン手続きはこちらから】スカパーだから選べる多彩なプラン	利便性|商品/サービス特徴
ストップウォッチ・タイマー	
アプリ・WEB対応。半年以内に運命の出会いを実現/R18・登録無料 :リクルート	利便性|無料|商品/サービス特徴
最新版／2020年最新の転職情報	
グランディエール ブケトーカイ	
TOSHINさくらHillsGCを予約	
キャッシュレスはQUICPay	
しっかり比較して賢く売ろう	オファー
学生の疑問に企業がホンネで答える！学生のみなさんの気になる悩みをリクナビがフォローします。	対象限定|商品/サービス特徴
赤ちゃんの名前の画数で迷ったら	
KUMON／9月無料トライアル	無料
JTB／国内ツアーをもっとお得に	その他
オーシャンビューの介護施設を特集！ 日本最大級の掲載数／LIFULL介護	最大級・No.1|商品/サービス特徴
作品数Ｎｏ．１の動画・映像配信サービスｄＴＶ。前作から２年後を舞台に、主人公の鴻鳥サクラを演じる綾野剛のほか、松岡茉優、吉田羊、坂口健太郎、星野源、大森南朋らが続投する。	最大級・No.1|商品/サービス特徴
ウォーターサーバーをお探しなら	
20代～50代以上に人気の女性保険1位～5位をランキング別に徹底比較！最も選ばれている保険とは？	その他|トレンド|対象限定|商品/サービス特徴
ファミュは、花たちが持つ美しさのエッセンスを凝縮したスキンケアブランド。	
ガス機器購入、各サービスのご成約で豪華特典が貰える!	特典
刀剣ワールド「刀剣コスプレ・歴史コスプレ」では、戦国武将をはじめ、アニメやゲームのキャラクターになりきって楽しむコスプレについて解説します。コスプレの基本はもちろん、コスプレ衣装や小道具などもご紹介。日本のみならず世界が注目しているコスプレの魅力を知ることができます。	トレンド|商品/サービス特徴
ダコタ 財布 二つ折りを買うならau PAY マーケット。人気の長財布、コインケース、ブランド財布など、価格やタイプ別でカンタン検索。3,000万アイテム以上の豊富な品揃え。セール、送料無料の商品も多数！	利便性|品揃え|オファー|無料
都市ガス・簡易ガス・LPガス	
「soulberry」の人気商品一覧。「soulberry」のネットショッピングなら通販サイトau PAY マーケット。商品価格順やレビューの評価順に並び替えで探したい商品をチェック！カテゴリ選択やキーワード検索でほしい商品がすぐに見つかる。送料無料商品やセール商品も多数掲載！さまざまなジャンルの商品が数千万品以上！au PAY マーケット。	利便性|オファー|品揃え|無料
【ホットペッパービューティー】大井町フラミンゴ歯科のクリニック情報。口コミ、診療の流れ、診療時間、アクセスなど知りたい情報満載。カウンセリングのご予約は24時間いつでもネット予約OKのホットペッパービューティー。	利便性|商品/サービス特徴
FEMMUE(ファミュ)公式オンラインストア限定／税抜き\\5,000以上お買い上げで全国一律配送料無料。	限定|無料
式場選びから、指輪探し、親あいさつまで情報満載!ゼクシィ最新号はこちらから	
PlusMode 1day Homme(プラスモードワンデーオム)は新時代のスタイルコンタクト。 カラコン全品【送料無料】モアコンタクトでは即日発送やネコポス(ポスト投函)もあります!カラーコンタクト(度あり・度なし)ならカラコン通販のモアコンタクトにお任せ下さい。	利便性|スピード|無料|商品/サービス特徴
限定特価アイテム多数!スイーツ、おかず、ワインなどご自宅用食品・飲料がお買い得	限定|オファー
浅間山をはじめ白根連峰を一望する標高1,100メートルの眺望豊な高原に広が…	商品/サービス特徴
【選ばれるにはワケがある】貯まりやすさNo.1、顧客満足度No.1、取扱高No.1!	最大級・No.1
もし高校野球の女子マネージャーがドラッカーの マネジメント を読んだらを視聴	
テラコヤプラスは全国の塾・習い事を4万件以上掲載。詳細な料金情報や口コミ、ランキングも充実	品揃え|商品/サービス特徴
全国600店舗でのご相談、オンラインでのご相談、保険市場はお客様のご要望にお答えします。	利便性|品揃え
特別養護老人ホーム情報あり。Web見学可能な施設も。希望地域の料金相場、ランキングも分かる!	利便性|商品/サービス特徴
レディース・メンズ問わずかわいい、おしゃれ、ユニークなおすすめの時計が勢揃い！	商品/サービス特徴
口コミとランキングから塾探し	
2020年流行の新作アイテム満載	トレンド
コスモウォーター／モンドセレクション金賞！地下深くから毎日採水／新鮮な天然水をご家族で	その他|実績|商品/サービス特徴
バレずに盛れる美人カラコン	商品/サービス特徴
低スペックで冴えない大吾の彼女は誰もが羨む超絶美人。ちょっと大人のラブストーリー	あらすじ
3ヶ月通い放題が月々2970円	オファー
100円で1ポイント貯まる!ネットで簡単申し込み	利便性|還元
1月17日までのご予約で最大35％off！連休やクリスマス、年末年始も割引対象。	期間限定|価格|オファー
【相談無料ゼクシィ相談カウンター】紹介会場数：全国2,700軒以上／50万組以上の相談実績で安心	品揃え|無料|実績
塗料・電動工具など豊富な工具の品ぞろい。今ならポイント増倍、送料無料などお買い得	品揃え|商品/サービス特徴|期間限定|還元|無料
【法人・事業者様向け】簡単・安価に導入可能。もしものときだけでなく、日常の連絡にも活用可能	利便性|商品/サービス特徴
【個人年金保険】老後資金をどう貯める？相談や見直し、申込までオンラインでできる保険市場	利便性
天空のリゾート！奥三河の雄大な自然に包まれた、ピーター・トムソン小笹昭三設…	商品/サービス特徴
結婚式情報ならゼクシィ！結婚式をゼクシィがお手伝い。今ドキ最新演出をゼクシィでチェック。	商品/サービス特徴
人気の熱海温泉や下田温泉など、温泉地を巡るツアーも。予約はJTB	
完全無料・相談サポートも	利便性|無料
白亜の大聖堂×憧れの大階段。360度緑に囲まれた空間で、笑顔溢れるウエディングを	商品/サービス特徴
宇都宮市・製図、CADオペレータ/転職決定数No.1	最大級・No.1
新生活に必要なアイテムを買うならアイリスオーヤマ公式通販アイリスプラザへ!	その他
返戻率の高い学資保険はどれ？	その他
にもかかわらず -筒井旭の電子書籍・漫画(コミック)を無料で試し読み[巻]。釘バットを手に、ケンカの現場に走るのは女ヤンキー・キヨ20歳。彼女には、かつて3年間だけ「兄」がいたことがあった。キヨにとって、その「兄」との思い出は宝物だったが…。	あらすじ|無料
昭和初期「売春は、女性の最初の職業だった」と、誰が言った。そうしたのは誰だ…。	あらすじ
ETCカード人気ランキング2021	商品/サービス特徴
リクナビ2022／インターンシップ	
LOWYAならトレンド感のあるおしゃれなインテリアを低価格で!しかもLOWYAブランド送料無料。	無料|オファー
こだま号片道プラン「ぷらっとこだま」。新幹線を利用したパッケージツアーを、専門店ならではの価格と品揃えでご用意しています。おすすめツアー情報やランキングのご紹介、お得な旅行プランの検索、ホテルや旅館の宿泊予約もできます。	商品/サービス特徴
ネット販売を始めるなら楽天市場	
【公式】セブンネット	
妊娠・出産・育児に役立つ情報が満載！	商品/サービス特徴
東京ガスの厨房相談室はお客さまのニーズに応えたサポートを無料で提供	無料|商品/サービス特徴
乾く隙を与えずに、肌になめらかなバリアをつくる、マルチユースのエマルジョン。	商品/サービス特徴
保険料は走った分だけ	その他|オファー
東京海上グループの経験と実績を活かした「確かな安心」を、イーデザイン損保ならではの「おトクな保険料」でお届けします!!新規ネット割+早割+証券e割で最大11,000円割引。無事故でおトク「無事故割引」続けておトク「継続割引」。保険料は走った分だけ。	価格|オファー|商品/サービス特徴
話題のコラーゲンサプリを美容マニアが徹底比較!1位に輝く商品をここからチェックしよう	最大級・No.1|商品/サービス特徴
みんなが選ぶ1位を徹底レビュー	商品/サービス特徴
【激安】セットアップメンズ通販	オファー
スマホやタブレットで好きなときに好きな場所で視聴可能。ドラマからアニメまで充実	利便性|品揃え
【公式】JTB 沖縄ツアー予約	
再加入をご検討のお客様へ|スカパー!ヘの再加入はWEBで24時間カンタンにお手続きいただけます。	利便性
岬の上に造られ、眼下に瀬戸内の島々を望み、遠くは鳴門、淡路島を見渡せる眺め…	
女性特有の病気などを手厚く保障いたします！女性保険の相談や比較なら保険市場へ。	対象限定
街でのお買い物でもポイント貯まる/さらに楽天市場利用でポイント最大3倍!	還元
中村製作所のカノン 棒形テンションゲージ 標準タイプ（置針付）の選定・通販ページ。ミスミ他、国内外3,324メーカー、2,070万点以上の商品を1個から送料無料で配送。豊富なCADデータ提供。中村製作所のカノン 棒形テンションゲージ 標準タイプ（置針付）を始め、FA・金型部品、工具・工場消耗品の通販ならMISUMI-VONA。	品揃え|無料|商品/サービス特徴
「瞬間、透け感Eye」橋本環奈×エマーブルのカラコンがモアコンでWEB独占販売	商品/サービス特徴
スマホならどこでもご利用可能!店舗でも365日ご相談を承ります!	利便性
『愛車を下取りに出したい…』お待ち下さい！愛車が買取依頼で最高額で売却依頼できるチャンス	オファー|商品/サービス特徴
dTVならS W A T等の人気作が観れる!	商品/サービス特徴
今からスタート！押さえるべき就活準備は？これから就活準備をする人に役立つ機能が満載！	商品/サービス特徴
オリコン顧客満足度4年連続No.1／ハナユメ割で最大100万円お得になることも。	価格|最大級・No.1
原則来店不要、お借替OK、最大1000万円まで。今ならキャンペーン金利年1.5%~。	利便性|価格|商品/サービス特徴
長持ちする機能性マツエク・全国のサロンで採用される国内最大級専門店	最大級・No.1
女子大生のパパ活をテーマに、共感と賛否両論を巻き起こした話題の作品。	あらすじ
肌にうるおいを与える、みずみずしい使用感のノンアルコール化粧水	商品/サービス特徴
【累計140万部突破の青春ラブコメ】強引な成瀬に振り回されるうちに、いつの間にか…	あらすじ|実績
11年連続データ復元国内売上No.1	最大級・No.1
スタディサプリ高校講座(旧:受験サプリ)で高1、高2のあいだに英数国をかためておけば難関大学は合格目前! 1授業約15分の授業だから部活や習い事を諦めなくても早慶上智やGMARCHなどが目指せます。神授業・あなたの志望校向け学習プラン・コーチで最短距離で合格を掴み取れ!	その他|商品/サービス特徴
＼得した金額80万円／	価格
フリーローンを64社から徹底比較!フリーローンとは趣味、旅行、買い物など、どんな目的でも利用できるローンです。カードローンやキャッシングよりも上限金利が低いケースが多く、安心して借り入れ可能です。また、証書貸付方式の契約なので、借り入れ後は原則返済をするだけ。借りすぎが不安な方にもオススメです。	商品/サービス特徴
Belle Vie AZ GRACE　ﾍﾞﾙｳﾞｨ ｱｽﾞｸﾞﾚｲｽ　（ベルヴィ グループ） の最寄駅は川越駅。【川越・新狭山駅から無料送迎付】デザイナーズハウスを貸切に。ハナユメからのお申し込みで挙式費用が最大150万円おトクになることも！ブライダルフェア情報、おトクな割引特典、フォトギャラリー、口コミ、見積もり例が充実！結婚式場探しはハナユメ！	アクセス|価格|商品/サービス特徴|オファー|無料
【商品点数2,000万品以上！】注目のミルクのネットショッピングなら通販サイトau PAY マーケット。人気の激カワファッションをサイズ・カラー・ブランドを豊富に取扱い。最新トレンドファッションやコスメ・グルメなど、2,000万品以上の豊富な品ぞろえ。	品揃え|商品/サービス特徴
お金が必要になったら?オリックス・クレジットは最短即日サポート!24時間・365日ご利用可能!	利便性|スピード
安心してお求めいただける純正品	商品/サービス特徴
おうち時間もテレワークも《瞳》を盛って映えを忘れない。モアコンで理想の瞳を叶えよう!	
スイスホテル南海大阪の最寄駅は難波駅。なんば駅直結！好立地×眺望×美食が揃う外資系ホテル。ブライダルフェア情報、おトクな割引特典、フォトギャラリー、口コミ、見積もり例が充実！結婚式場探しはハナユメ！	アクセス|オファー|商品/サービス特徴
退屈なお家時間もマルイウェブチャネルで楽しくお買物！トレンドをチェックしよう	商品/サービス特徴
複数社の査定額を比較して、あなたの愛車を最高額で売却しよう。50万以上高く売るのも夢じゃない	オファー
【公式サイト】リクナビ薬剤師	
便利でお得なクレジットカードを厳選紹介!年会費が無料、ポイント還元率が高いなど、人気のクレジットカードを厳選紹介しています。あなたのライフスタイルに最適な1枚がきっと見つかる!	無料|商品/サービス特徴
コントロールユニットスペアキー通販ならミスミ	
さらに条件達成した方から抽選で1,000名様に10,000ポイントプレゼント!	特典
ネットで買ってお近くの店舗まで直送可能。全国の取付店で取付可能。Webで簡単注文。	利便性|商品/サービス特徴
《高額売却のチャンス》全国200社以上の業者からあなたに最適な車買取業者を選出!	オファー|商品/サービス特徴
「羊たちの沈黙」“レクター博士”&「チャイルド・プレイ」シリーズの原点。アンソニー・ホプキンスが狂気の腹話術師を怪演した秀作サイコ・サスペンス。	あらすじ
人気の冬物も最旬の新作も勢揃い。今年最後のお得なお買い物をお楽しみにください。	トレンド
病院内のお仕事探しはリクルート	
薄毛・AGA特化の専門クリニック	
私はお前とみんなと、ずっと一緒にいたいんだ。	
京都かつひろDELICATESSEN	
洗面・入浴グッズやそのギフト用商品が勢揃い。【即日発送・送料無料】などお買い得	オファー|無料|スピード|商品/サービス特徴
実力派・行定勲監督が話題のケータイ連載小説を大胆かつ斬新に映画化	商品/サービス特徴
【表参道駅直結】緑溢れる洗練空間で家族挙式。挙式・衣裳・写真込みで19万8000円！	アクセス|オファー|商品/サービス特徴
雑誌やTVで話題のカーペット・マットを多数掲載。即日発送・送料無料でお買得！	無料|品揃え|スピード|商品/サービス特徴
竹早教員保育士養成所の資料請求	商品/サービス特徴
付録は【 ドナルド&デイジー 】洗濯ネット/お役立ち別冊など情報満載!	特典|商品/サービス特徴
紗栄子さんがイメージモデルのカラコン！史上最大の着色直径14.5mm	商品/サービス特徴
セントパトリックチャーチで挙式	
雄大な打ち下ろしの12番ホール、廻りがバンカーで浮島グリーンになった8番ホ…	商品/サービス特徴
旧三菱東京UFJ銀行。当行口座不要で、お申し込みいただけます。	利便性
家族・ファミリーにおすすめの国内ツアー・プランをご紹介。レンタカー付、赤ちゃん・子供連れに安心な旅館・ホテル、期間限定のお買得ツアー、人気のテーマパーク等がオススメです。	オファー|商品/サービス特徴
16歳だから。悩み、傷つき、恋をした。自分の一番大切なものとは/公式	あらすじ
フェア予約&Wチャンスで最大10万円分ギフト券当たる！式場探しはゼクシィがお得！	特典
高額ながん治療、万が一の為の備えに、がん保険を選ぶなら保険市場へ。	
女性でもカンタンに組み立てができるLOWYAの家具!人気の北欧風デザインもご用意。	トレンド|商品/サービス特徴
【最大1,225円値引き】クリスマスキャンペーン12月25日(金)まで!	期間限定|価格
【2021年死亡保険ランキング】	
Web契約ならAmazonギフト券500円相当プレゼント!お借替OK・最大1000万円まで。	特典|価格
車は下取りよりも売却が断然オススメ！ 利用者は平均23.2万円お得に。査定だけでもOK	オファー|商品/サービス特徴
教室で・おうちで、選べるBaby Kumonタイム。この機会に始めてみませんか？	
裸眼に馴染んで、ヘビーユーザーでも初心者でもトライしやすいカラコン	商品/サービス特徴
店舗での受取りで送料無料/プレゼントなら家に届かないので家族へのサプライズにピッタリ	無料|商品/サービス特徴
リモートワークにもオススメなのは出前館。お支払いは各種クレジット・電子マネーでもOK。	利便性
≪保険市場≫人気の自動車保険を一括見積り。	商品/サービス特徴
明世カントリークラブのコース詳細情報。施設情報・プラン一覧・コースの特徴やクチコミ・天気予報・交通アクセスなど詳しい情報を確認できます。ゴルフ場予約・コンペ予約は楽天GORAで。	商品/サービス特徴
新幹線と宿セット、日帰りプラン。10月～3月出発分も申込可／Go To トラベルキャンペーン対象！	対象限定|商品/サービス特徴
"愛車の売却依頼は""カーセンサー"""	
【NEW OPEN＆現地見学開始】ゲストが便利な市街地近く、光・水・緑が心地よい貸切邸宅	アクセス|商品/サービス特徴
Bridal On Water COTSWOLDS(コッツウォルズ)の最寄駅は蘇原駅。《グランドオープン1周年!!》豪華10大特典フェア実施中。ハナユメからのお申し込みで挙式費用が最大37万円おトクになることも！ブライダルフェア情報、おトクな割引特典、フォトギャラリー、口コミ、見積もり例が充実！結婚式場探しはハナユメ！	アクセス|価格|商品/サービス特徴|オファー|特典
南禅寺の近く、匠の技光る1200坪の日本庭園と大正邸宅。一味違う上質体験を皆に贈ろう	その他|商品/サービス特徴
わざわざ店舗に行かなくてもネットで簡単注文！人気のカラコンが≪全品送料無料≫	利便性|無料
取扱保険会社数84社。オンライン保険相談では、ご自宅で保険のご相談や見直し、申込までできると好評。お客さま専用の設計書や商品パンフレットを見ながら保険の検討ができます。お客様満足度97.9％。東証1部上場会社が運営する「保険市場」にご相談ください。	利便性|品揃え|実績|商品/サービス特徴
日本最大級の美容・キレイサロンメディアのホットペッパービューティーに掲載して貴サロンのニーズにあった集客を実現しませんか?ヘア・ネイル・まつげ・リラクゼーション・エステサロンの集客をお手伝いいたします。掲載する上での集客・広告・ネット予約管理・掲載プランについて、サロン経営者の皆様からよくあるご質問にお答えしております。	最大級・No.1|商品/サービス特徴
手数料、ランキング。あなたにぴったりの条件で証券会社を徹底比較で探せる!	商品/サービス特徴
はじめての方でも、安心のご返済額&返済サポート。	商品/サービス特徴
【公式】オートウェイ／AUTOWAY！格安スタッドレスタイヤ・サマータイヤあります。	オファー
動画配信だけでなくDVDとCDの宅配レンタルも/TSUTAYA公式の定額プラン	商品/サービス特徴
法人・事業者様向け／厨房機器の購入には初期費用を抑えられるリースがおすすめ	対象限定|オファー|商品/サービス特徴
長岡こども・医療・介護専門学校	
人気の定番商品から季節の新アイテムまで安心の低価格・高品質でワクワク豊富な品揃え	トレンド|商品/サービス特徴
マツダ公式中古車サイト限定車は、当サイトだけで公開する商品です。当サイトにしかない、あなたにとって最高の1台をお選びください。安心・信頼の証として「1年・走行距離無制限の保証」、「車両状態評価書」をお付けします。ご商談希望や各種お問合せは必ず当サイトよりお申込みください。	限定|高品質|商品/サービス特徴
オフィシャルファンクラブa-i	
【人気作品】これは最も一線を超えた結婚！医龍・幽麗塔の“乃木坂太郎”刺激的新境地	トレンド|あらすじ
ラグナヴェールＴＯＫＹＯの式場情報！簡単検索＆リアルタイム予約／ゼクシィ	利便性
新幹線+ホテルのセットプラン‎	商品/サービス特徴
【激安】スポーツタオル通販なら	オファー
紙おむつ・ミルク等はまとめ買いがおトク！送料無料も。即日発送で欲しい時にすぐ届く	スピード|無料|オファー
ここが最後の砦	
【ミスミ】の総合Webカタログ。FA・金型部品、工具・消耗品などの通販・検索サイト、MISUMI-VONA	
お客様満足度9割以上の不動産売却。売却専門のプロが無料査定。実績多数!	無料|実績
日本リハビリテーション専門学校	
あなたの名字にぴったりな赤ちゃんの名前をご提案。運命学研究家監修の本格診断サイト!	商品/サービス特徴
BELLE　THE　CLASS（ベル・ザ・クラス）の最寄駅はひたち野うしく駅。リゾート地のような開放感。モダンリゾートウエディング。ハナユメからのお申し込みで挙式費用が最大58万円おトクになることも！ブライダルフェア情報、おトクな割引特典、フォトギャラリー、口コミ、見積もり例が充実！結婚式場探しはハナユメ！	アクセス|価格|オファー|商品/サービス特徴
スカパー!加入ガイド:スカパー!加入・料金のご案内|スカパー!は日本最大の多チャンネル放送サービスです。多彩なジャンルの番組をお楽しみいただけます。お手続完了後から約30分で視聴可能。1Chからご契約いただけます。	スピード|品揃え|最大級・No.1|商品/サービス特徴
DINレール 取付穴 4.5×25長穴の通販ならミスミ・送料無料	無料
無料会員登録で対象作品が見放題!見逃した最新ドラマ、バラエティも期間限定で無料配信中!	期間限定|無料|商品/サービス特徴
作品数No.1の動画・映像配信サービスdTV。松重豊主演による人気グルメドラマの第3シーズン。個人輸入雑貨商・井之頭五郎が、商用で訪れた街で立ち寄る料理店で淡々と食事をするシーンと心理描写を綴る。	あらすじ|最大級・No.1
〈夜21時まで営業、駅チカ、個室〉メンズキレイモは最新の国産マシンのため冷却ジェル不要。	利便性|アクセス|高品質|商品/サービス特徴
合同WEBセミナーはリクナビで	
マジで使えるETCカードはこれ	
全てネットで完結!出発当日でも間に合う5分で簡単申し込み。	利便性|スピード
"カーセンサーなら最大""30社""から同時売却査定依頼ができ、大切な愛車の最高額がわかる！"	品揃え
旧三菱東京UFJ銀行。「バンクイック」なら全国5万台以上のATMでご利用OK。ATM利用手数料0円	品揃え|無料
カンタン売却依頼はコチラ	
和光堂 はいはい激安通販ならauPAYマーケットキッズ、ベビー用品をポイントでお得に購入	オファー
話題作~過去の人気番組まで、幅広いジャンルに豊富な作品が12万本以上楽しめるのはdTVだけ。	品揃え|商品/サービス特徴
ゼクシィ/グランダブリュー水戸	
専用ローン対象外でもカバー可能	商品/サービス特徴
式場探しに迷ったらハナユメ。ハナユメ結婚式相談サポートTOPページです。全国12店舗のウエディングデスク、オンライン、LINE、電話で相談が可能。結婚式の疑問は気軽にプロにご相談くださいね。	利便性|商品/サービス特徴
オンラインでもがん保険相談	利便性
【22卒向け】リクナビ公式サイト	対象限定
聖闘士星矢 -車田正美の電子書籍・漫画(コミック)を無料で試し読み[巻]。【燃え上がれ小宇宙!! 聖闘士星矢誕生】孤児院で育った少年・星矢は、巨大な財団を率いる城戸家に引き取られ、ギリシアに送られる。ギリシアで壮絶な特訓を受け、成長した星矢は、青銅聖衣を得て、聖闘士となった!! 日本に帰った星矢を待っていたのは、聖闘士同士で闘う史上最大のバトルロワイヤル銀河戦争だった!!	あらすじ|無料
多彩なジャンルの番組が楽しめる！楽しく快適なスカパーライフ。24時間カンタンお手続き	利便性|その他
機器の持込み可能。ご依頼実績多数で安心/24時間無料の電話相談承ります	利便性|無料|実績|商品/サービス特徴
品川駅からスグ ハナユメからの予約で100万円以上オトクになることも	アクセス|価格
ガツンと実感!和漢の王様・高麗人参と、東洋の秘宝・トックリイチゴのWパワー	
GRANADA SUITE 福岡（グラナダ　スィート）の最寄駅は中洲川端駅。福岡市の都心にありながら、喧騒から隔離された開放的な上質空間。ブライダルフェア情報、おトクな割引特典、フォトギャラリー、口コミ、見積もり例が充実！結婚式場探しはハナユメ！	アクセス|商品/サービス特徴
暮らしに必要なアイテムがまるごと揃う! アイリスプラザは初めての一人暮らしや、転勤、模様替えをお考えの方を全力で応援します!	商品/サービス特徴
キレイモは全身脱毛の脱毛サロン。VIO・顔込みで、1回で全身まるごと脱毛できるから、早くツルツルお肌になれて、乗り換え満足度も92%! 予約が取りやすく、駅近&21時まで営業しているので、忙しい方も通いやすいサロンです。学割やのりかえ割も!	アクセス|実績|商品/サービス特徴|利便性|オファー
人気・格安商品沢山!毎日SALE実施中/送料無料商品多数	品揃え|無料|商品/サービス特徴
じゃらんゴルフ公式ホームページ	
小悪魔ageha・姉agehaW専属モデルの桜井莉菜が完全プロデュース	商品/サービス特徴
配当や優待がもらえる。100万円まで買い手数料0円。	特典|無料
あのスナック菓子のセット・詰め合わせ販売中！家庭用／ギフト用もお得な価格でご提供	オファー|商品/サービス特徴
高崎福祉医療カレッジの資料請求	商品/サービス特徴
デザインも種類も豊富なスクールアイテムでみんなと差を付けよう/セシール	品揃え
カンタン32秒の入力で一括査定依頼&買取相場をチェック。査定額を比較して愛車の最高額を知ろう	オファー|スピード
安心満足で選ぶなら旅行保険Off!	
【保険市場】	
今ならうどんやラーメンがお買得	期間限定|オファー
【公式】MAKEUP SOLUTION ONLINE	
年700万・キャリアアップ／子育て時短・土日休み・未経験OKの選べる求人です。	商品/サービス特徴
<毎日更新!>千葉の派遣、人材派遣のお仕事・求人情報なら【リクナビ派遣】全国30000件以上の人材派遣の情報から、時給1600円以上、オフィスワーク、残業なし等の条件であなたにピッタリのお仕事が探せます!	品揃え|商品/サービス特徴
【激安】人気のオシリア通販なら	オファー
“サヨナラ”がくれた僕たちの“はじまり”の物語  この世界からいなくなったアイツが、僕たちの世界を変えたんだ―。	あらすじ
マルチバッグor母子手帳ケースを	
電子マネーが使える便利な自販機、全国各地に設置可能コカ・コーラ	利便性
くもん出版の幼児ドリルで子どもたちの学びの芽を育てませんか?	商品/サービス特徴
東京海上グループの100年を超える経験と実績で「確かな安心」を、イーデザイン損保ならではの「おトクな保険料」でお届けします。概算シミュレーションなら3ステップで完了!早速無料お見積もり。	スピード|無料|オファー|商品/サービス特徴
お得な定期コース	オファー
名古屋(愛知)販売スタッフの転職	
テイクアウトがより簡単に、もっと身近に利用できる店外モバイルオーダーサービス。東京ガスのご契約者さまは契約期間中、サービス利用料を特別割引。詳しくはサービスページにてご紹介しています。	利便性|オファー|商品/サービス特徴
証券・投資銀行の求人・転職情報	
和菓子のギフト、詰め合わせ対応商品あり。有名な和菓子が即日発送・送料無料でお買得	無料|スピード|商品/サービス特徴
2020/9/30までキャンペーン中	期間限定
【期間限定】キャンペーン実施中	期間限定
ファミュは美容賢者の間でも話題のボタニカルスキンケアブランド。	トレンド
ラヴェール／送料無料	無料
【無料試し読み】本能と理性が戦い、運命のつがいを探す近未来エロティカファンタジー	あらすじ|無料
食通に選ばれた絶品グルメや、テレビで紹介された話題の商品も多数取り揃え!	トレンド|品揃え|商品/サービス特徴
三菱ＵＦＪ銀行カードローン	
公式／リバイブラッシュ：まつ活	
【カラコン】激安＆最短当日発送	スピード|オファー
おしゃべり猫とポンコツ魔法使いが活躍するエクストリーム魔法ファンタジーアドベンチャー！	あらすじ
瞳に自然になじんでお仕事や学校でもバレにくい、裸眼風のナチュラルカラコンも。	商品/サービス特徴
【公式】マンション売却の事なら	
11/29(日)23:59まで!ネット通販でもエポスポイントが貯まる&使える	期間限定|還元
EXEX　GARDEN　代官屋敷　since 1865の最寄駅は西岐阜駅。【岐阜市景観賞 最高位受賞】歴史×伝統〜和のおもてなし婚。ハナユメからのお申し込みで挙式費用が最大146万円おトクになることも！ブライダルフェア情報、おトクな割引特典、フォトギャラリー、口コミ、見積もり例が充実！結婚式場探しはハナユメ！	アクセス|価格|実績|商品/サービス特徴|オファー|その他
1週間で2回、公文式学習を無料で体験できます。この機会に始めてみませんか?	無料
奈良公園や東大寺、古都の街並と自然が織りなす絶景を一望。若草山に佇む癒しの隠れ家	商品/サービス特徴
【マルイウェブチャネル】最旬のトレンドアイテムが一気にチェックできる!	トレンド
新幹線のぞみ号の片道指定席とドリンク引換券がセットになったお得なプランを発売開始！	オファー|商品/サービス特徴
今、オンライン保険相談が大人気	トレンド
がん保険の見直しや比較はこちら	商品/サービス特徴
業種別インターンシップ情報なら	
全国30000件以上の派遣情報掲載/エリアや職種など、様々な条件で派遣求人を探そう	品揃え
作品数Ｎｏ．１の動画・映像配信サービスｄＴＶ。２００９年第２回マンガ大賞を受賞した末次由紀のマンガを実写映画化した２部作の後編。競技かるたに打ち込む高校生たちが、全国大会に挑む。「海街ｄｉａｒｙ」の広瀬すず、「ストレイヤーズ・クロニクル」の松岡茉優など、旬の若手俳優が共演。監督は「タイヨウのうた」、「カノジョは嘘を愛しすぎてる」など、青春映画を得意とする小泉徳宏。	あらすじ|最大級・No.1|実績|商品/サービス特徴
ISHIYAMA MEAT MARCHE	
ナチュラル系からハーフ系まで、様々な系統のレンズデザインを楽しめるカラコン	商品/サービス特徴
Mano Kitchen Café （マノ・キッチンカフェ）の最寄駅は名古屋駅。会費制ウエディング専用会場！ハイセンス＆リーズナブルが叶う！。ハナユメからのお申し込みで挙式費用が最大59万円おトクになることも！ブライダルフェア情報、おトクな割引特典、フォトギャラリー、口コミ、見積もり例が充実！結婚式場探しはハナユメ！	アクセス|価格|オファー|商品/サービス特徴
1組貸切×自由度×おもてなしでゲストの笑顔溢れる感動ウエディング	商品/サービス特徴
リクルート運営の就活準備サイト	
住宅ローンとセットでおトク。お申し込みはキャンペーン期間中の今!Webでカンタン申し込み。	利便性|期間限定|オファー
"ここでしか手に入らない""特別""な限定アイテムをセットにしました。"	限定
久喜市（埼玉）運輸・配送の求人／限定求人約85％	限定
資産形成はじめませんか?預入時の為替手数料が0円!500円から積み立てが可能!	無料|商品/サービス特徴
安心満足のスマホ/パソコンならHUAWEI!スマホもパソコンもお得に買い物できる	オファー
2月無料体験学習のご予約は1月21日から開始!詳細はこちらからご確認ください。	期間限定|無料
クレジットカード探すならココ!人気のクレジットカードランキングをチェック	トレンド
【7月1日GRAND OPEN】奈良公園や東大寺、古都と自然を一望。若草山に佇む癒しの隠れ家	その他|商品/サービス特徴
作品数No.1の動画・映像配信サービスdTV。T-34の華麗な片輪走行と、ドリフト旋回する戦車、着弾や炸裂する砲弾、そして爆炎といったダイナミックな戦車バトルを活写。本物の現役戦車を俳優たちが実際に乗り込んで操縦するなど、ロケーションから衣装まで忠実に再現することを追求した、ロシア製の戦争アクション。	あらすじ|最大級・No.1
≪お客様満足度・高価買取・信頼と安心の比較サイト≫3部門でNo.1を達成/今すぐ査定スタート!	最大級・No.1
SMコネクタ ソケットハウジングの通販ならミスミ・送料無料	無料
法人・事業者様向け／テイクアウトを開始したい飲食店さまへ	対象限定
セレス高田馬場サンタアンジェリ	
人気メンズボトムスが色・柄・サイズ豊富にご用意！送料無料／即日発送商品多数。	スピード|品揃え|無料|商品/サービス特徴
アイディアルクリームリッチ 1gをプレゼント！	特典
新幹線こだま号のお得プラン。片道でも利用可能／Go To トラベルキャンペーン対象！	オファー
金利1％台から・WEB完結・最短即日審査／海外旅行・国内旅行・交通費・宿泊費に。	利便性|価格|スピード
車の買取・査定ならカーセンサー	
カーセンサーなら最大30社に一括査定依頼が出来るので便利で高く売ることが出来ます！	利便性|品揃え|オファー
激安の生活雑貨を多数取り扱い中	品揃え|オファー
犬鳴コースは距離が長くフェアウェイも広くフラットで飛ばし屋向き、稲倉コース…	商品/サービス特徴
見かけはホラー。中身はキュートな花子さんのスクールライフは恋あり友情あり能面あり	あらすじ
抽選で1万名にプレゼント	特典
大人気のカスタムアイテム≪車・バイク内装アイテム勢揃い≫お買い得価格でご提供!	トレンド|品揃え|オファー
32秒簡単入力で買取相場が分かる	スピード
KUMONは自分にぴったりの教材からスタートできます！詳細はこちらからチェック。	商品/サービス特徴
メイクアップソリューション オンラインはコスメ・化粧品・美容雑貨を6000アイテム以上販売している通販サイトです。最新・話題のコスメがぞくぞく入荷中!コスメ・化粧品・美容雑貨の通販はメイクアップソリューション オンラインで!	トレンド|品揃え|商品/サービス特徴
三井住友信託銀行100%出資	オファー
コンタクトと言えばキャンマジ！の大人気ブランド	トレンド
法人・事業者様向け／飲食店の繁盛を支える予約・顧客管理サービス	対象限定|商品/サービス特徴
車を売る前に、今月の最新査定額をチェック！かんたんWEB入力で売却相場がスグ分かる	利便性|オファー
中古車をNetで購入するなら「直売カーセンサー」!リクルートが運営する中古車のNet通販サイトです。とれたての中古車を過剰な加修はせずにそのままご自宅まで届けるので、とってもお買い得!さらに全車保証付きで安心!新しいクルマの買い方をあなたに!	オファー|商品/サービス特徴
楽天カードの新規入会特典ご案内ページ。24時間カンタン申し込み、年会費永年無料の楽天カードはポイントを貯めたい方におすすめのスタンダードなクレジットカードです。ポイントはANAマイルへ交換可能/ETCカード追加付帯可能	利便性|無料|商品/サービス特徴
80社～年金保険かんたん比較	品揃え|商品/サービス特徴
この愛は、異端。 -森山絵凪の電子書籍・漫画(コミック)を無料で試し読み[巻]。天涯孤独の少女・淑乃は古本屋で見つけた1冊の本から悪魔を呼び出してしまう。呼び出した悪魔・べリアルが提案した契約は、一つ対価を支払えば、一つ願い事を叶えてもらえるが、淑乃が死ぬまでずっと悪魔と共に過ごすという物で...。	その他|あらすじ|無料
ダニエルアーシャム x ポケモン	
日本最大級のサロンメディアに掲載して集客アップしよう/ホットペッパービューティー	最大級・No.1
無料お試しモニターセット。女性にうれしいショウガを加えた万田酵素。53種類の植物性原材料にショウガを加えた万田酵素です。健康はもちろん、美容を求める方にもおすすめです。	その他|無料
ミニモーク(モーク)の中古車を7台掲載中。ミニモークの中古車検索や中古車販売などの中古車情報なら「カーセンサーnet」!リクルートが運営する中古車情報のサイトです。ミニモークの中古車が様々な条件で検索可能。あなたの車選びをサポートします。	利便性
保育園向け写真販売サービスの「ルクミーフォト」を特典付きでご紹介。東京ガスのご契約者さまにはサイトからのお申込みで撮影機器（iPod Touch）1台を無料で貸し出し！飲食店、美容院、福祉施設、保育園、オフィスなど仕事の現場で役立つ様々なサービスを東京ガスが厳選して紹介するサイトです。	特典|対象限定|無料|商品/サービス特徴
スマホで簡単申込・即日発行・今だけ新規入会キャンペーン多数掲載!超高還元キャッシュバック!	利便性|還元|スピード
2019年9月26日(木)にさいたまスーパーアリーナで開催された日向坂46として初のワンマンライブをディレクターズカット版で配信!dTVチャンネルは、初回31日間無料!もちろんドコモ以外の方も登録可能です。	初回限定|無料|商品/サービス特徴
地域で一番のお得と安心を実現	
JR東海ツアーズなら、東海道新幹線＋ホテルのセットプランが満載！	
お客さま専用の設計書や商品パンフレットを見ながら保険の検討ができます。	商品/サービス特徴
東京放送芸術＆映画俳優専門学校	
漫画・コミックを読むなら国内最大級サイトのまんが王国。	最大級・No.1
ユニクロ 公式オンラインストア	
ゴールド会員の皆様を「特別優待プレミアムセール」にご招待。お誕生月には特別クーポンを進呈!	特典
お部屋の中で、日光の代わりになるLEDライトで、簡単に野菜を育てることができ、照明にもなる、水耕栽培器です。	商品/サービス特徴
車買取価格を比べて査定額アップ	オファー
簡単3ステップ／査定額に満足できなかった方、自分の愛車の相場価格を調べませんか？	利便性|その他
"【24時間カンタン手続きはこちらから】あなたの""見たい""がきっと見つかる！"	利便性|その他
ライフプランに合わせて積立てる	オファー|商品/サービス特徴
LOWYAならお部屋に合わせてテレビ台・ローボードが選べる!人気のコーナータイプやハイタイプのテレビ台など幅広くご用意!	商品/サービス特徴
総合ランキング・借入シミュレーション・簡単検索はこちら。借りたい旅行ローンが見つかる!	商品/サービス特徴
碧海信用金庫の最新ローン情報をキャッチアップするローン比較サイト。ローンの選び方を変える。ネット時代の選び方にシフトするならローンシフト。	商品/サービス特徴
売りたい、買いたい、貸したい、/様々なご要望にお応えします。	
豊富な約80chが2週間無料で見放題。お申込みはコチラ!	無料
完全成果報酬型×業界最安水準の医療介護求人サイト。お申し込みはこちら。	商品/サービス特徴
慶良間諸島(渡嘉敷島、座間味島)ツアーの予約なら信頼と実績のJTBで!慶良間諸島(渡嘉敷島、座間味島)の旅行におすすめの情報も満載、ケラマブルーの海やビーチを満喫しよう♪目的や予算にあわせて豊富なラインナップから選べます!	商品/サービス特徴
ロイブへ乗り換えで【2ヶ月間0円】体験当日は入会金・手数料無料で入会可能!TVで話題のロイブ	期間限定|トレンド|無料
妊婦の暇つぶし探し中のあなたへ	対象限定
新幹線で行く博物館・美術館巡り	商品/サービス特徴
保険の相談なら保険市場国内最大級の保険比較サイト。2020年 最新保険ランキングも	最大級・No.1
5教科4万本。実質月額1,650円~ トップクラス講師の神授業が見放題/スタディサプリ	価格|商品/サービス特徴
東海道新幹線と宿泊のセットや新幹線日帰りプランがお得／新しい旅行スタイルプランをご提案中！	オファー|商品/サービス特徴
会員登録後は「登録住所から探す」で簡単注文!出前館オリジナルクーポンで更におトク	利便性|オファー
高麗人参サプリ売上No.1の会社が持てる知識と技術を結集させて開発した『男の健食』。中高年の年齢に伴う悩みのケアに特化した活力サプリです。	悩み解決|最大級・No.1
四季を通じて鮮やかな表情を見せる勿来海岸に続く丘陵地帯、穏やかな起伏の中、…	商品/サービス特徴
横浜ベイシェラトン ホテル＆タワーズ　●スマ婚プロデュースの最寄駅は横浜駅。【横浜駅直結】世界で愛されるブランドホテルで幸せな一日を！。ブライダルフェア情報、おトクな割引特典、フォトギャラリー、口コミ、見積もり例が充実！結婚式場探しはハナユメ！	その他|アクセス|オファー|商品/サービス特徴
預入時の為替手数料が0円!うれしい好金利で、500円から積み立てが可能です。	オファー|無料
定番からレアアイテムまでどこよりも早く掲載中。1900円以上の購入で送料無料!	無料|商品/サービス特徴
なりたい私をプロデュース、わがままアレンジで女の子を楽しもう	その他|対象限定
「ネット販売を始めたい」それなら楽天市場！圧倒的な集客力と初心者のサポート・フォローが充実	商品/サービス特徴
車買取査定で査定額を'徹底比較'	商品/サービス特徴
大分県の宅配・出前なら／出前館	
まずはゼクシィ独自の価値観診断	
人気のコーディネートから気になるアイテムをカンタン検索!エポス利用で配送料無料	利便性|無料
今の時期売れる?買い手はいる?そんな不安に不動産売却のプロが丁寧にアドバイスいたします。	商品/サービス特徴
コスモウォーターの各ウォーターサーバーの比較、機能紹介をいたします。コスモウォーターのウォーターサーバーはすべてレンタル無料です。ウォーターサーバーのコスモウォーター公式サイト	無料|商品/サービス特徴
はじめてだけど、どれを選んだらいいの?そんなあなたは今すぐ公式HPへアクセス。	
錦色に輝く秋の京都で、人混みを避けて、ゆっくり社寺を拝観できるプランをご用意しております。すがすがしい早朝や、ライトアップされた社寺など特別な時間をお楽しみください。京都旅行・京都ツアーならJR東海ツアーズ。往復新幹線+ホテルや新幹線日帰りパックなど、専門店ならではの価格と品揃え！新幹線+宿泊パックのおすすめツアー情報やランキング、お得な旅行プランの検索・予約が簡単に行えます。	利便性|オファー|商品/サービス特徴
Ｍａｉｓｏｎ　ｄｅ　Ｒｉｖａｇｅ（メゾン・ド・リヴァージュ）の最寄駅は三木駅。木々に包まれたガーデンチャペル、緑が見渡せる邸宅を完全貸切。ブライダルフェア情報、おトクな割引特典、フォトギャラリー、口コミ、見積もり例が充実！結婚式場探しはハナユメ！	アクセス|オファー|商品/サービス特徴
ホットヨガ／女性専用スタジオ	対象限定
早稲田医学院歯科衛生士専門学校	
今すぐ就活準備を始めよう	その他
住宅ローン完全ガイド|イー・ローン	商品/サービス特徴
イーデザイン損保【公式】	
自宅から参加できるオーキャンで学校情報を手に入れよう。簡単予約はこちらから	利便性|商品/サービス特徴
センティールラセゾン岐阜で挙式	
雄大にして絶妙なレイアウト、乗用カートで、かつてないゴルフの醍醐味を実感さ…	商品/サービス特徴
CONFLICT-最大の抗争- 第一章 勃発編配信中！過去作品も最新映画もFOD限定配信満載	商品/サービス特徴
驚きの査定額が出るかも？	その他
借入可能かホームページで簡易診断/金利年1.8%-年14.6%	利便性|価格
【ミスミ】MISUMI-VONA（公式）	
コスモウォーターの天然水／体内の約60％は水分です。あなたは普段どんな水を飲んでいますか？	その他
人気メンズファッション服のカラー・デザイン・サイズ多数用意！送料無料／即日発送	スピード|品揃え|無料|商品/サービス特徴
ビストロ酒場MarineClub	
作品数Ｎｏ．１の動画・映像配信サービスｄＴＶ。１９９５年の「バッドボーイズ」、２００３年の「バッドボーイズ２バッド」から１７年ぶりとなった「バッドボーイズ」シリーズの第３弾。製作に、「アルマゲドン」、「パイレーツ・オブ・カリビアン」シリーズのジェリー・ブラッカイマーが名を連ねる。	最大級・No.1|商品/サービス特徴
日本人の肌色に合わせたファンデ	商品/サービス特徴
‘公式’JR東海ツアーズ	
"チケット先行予約受付中。ファンクラブ""a-i""会員なら800円おトクな割引価格。今すぐ入会"	その他|価格
WiiやPSP、プレイステーションなど最新ゲーム機本体を多数ご用意！今ならお買い得	期間限定|品揃え|オファー|商品/サービス特徴
ZEETEXがわかる!AUTOWAYが送る世界のタイヤブランド特集シリーズ!	
あったか可愛いルームウェアが大人気!お部屋の中もお洒落でいよう/セシール	トレンド
痛みのないホワイトニング技術メタリンホワイトニングで「1本500円」の低料金!銀座の審美歯科「銀座デンタルホワイト」なら、30分で芸能人ホワイトニング。銀座デンタルホワイトは、ホワイトニング経験者にも評判のホワイトニング専門歯科です。	価格|商品/サービス特徴
≪ブランド商品多数保有≫初心者から上級者までフットサル用品完備！今ならお買い得。	品揃え|オファー|商品/サービス特徴
断熱板 高強度・高温耐久グレードの通販ならミスミ・送料無料	無料
ナチュラルビューティーベーシックの通販。コーディネート画像も豊富。	品揃え
あなたのデンキの使い方の工夫、買い取ります。電気の使い方を変えることで、もっとエネルギー効率のよい社会を、皆さまと一緒に実現する中部電力ミライズの「CO・エネ」サイトです。	商品/サービス特徴
すでに1,600万人以上がQUICPayを利用しています	実績
人気のキッズ用品が充実！可愛い子供服や人気のおもちゃなどが激安で買えちゃう。	品揃え|オファー
《ナチュラル系》どうしてもバレたくない…。瞳になじむ小さめガチ裸眼風カラコンも	悩み解決|商品/サービス特徴
ラクに高く売りたい方、大歓迎	オファー
【激安】ノースフェイス通販なら	オファー
【速報】いま中古車在庫が品薄状態…あなたの愛車、高額で売るチャンスかも！	その他|オファー
医療・介護系の求人広告掲載なら	
《ランキング》サプリオタク景子が注目のすっぽんサプリを徹底調査。お手軽で続けやすい商品は?	商品/サービス特徴
円預金だけじゃないイオン銀行外貨預金の魅力をご紹介!金利も為替手数料も!	商品/サービス特徴
"Wacoal MATERNITYは妊娠から出産、そして産後まで。このあいだにからだやこころは大きく変わっていきます。こころの変化のことを考えた、からだの変化をサポートするインナーを中心に、妊娠中から出産、そして育児期間も快適に過ごしていただけるパジャマ・ルームウェア、そしてマタニティ服を取りそろえています。""送料無料（一部商品を除く）・ポイント還元"""	還元|無料|商品/サービス特徴
【初回2週間無料トライアル】放送中の最新作から過去の名作まで配信中/公式	初回限定|無料
天然水のウォーターサーバーNo.1!コスモウォーターの公式サイトです。100万人が選んだ宅配水サービス。サーバーレンタル料0円、配送料0円。今なら豪華プレゼントのもらえる申込み特典つき。	特典|無料|最大級・No.1|実績
JR東海ツアーズのホテル・旅館の宿泊予約サイト	
徹底したセキュリティやお買い物補償サービスで安心購入。会員になればもっとお得に！	オファー|商品/サービス特徴
レディースフィットネス水着なら	
みずみずしいツヤときめ細かさ、クリアな透明感をもたらすボタニカルクッション	商品/サービス特徴
全国の介護老人保健施設4168件。費用・料金などの条件から施設を探して、無料で資料請求・見学予約が可能。ランキングや相場情報もあわせてチェック!日本最大級の老人ホーム検索サイト、LIFULL介護(ライフル介護)。※HOME’S介護は、2017年4月1日にLIFULL介護に名称変更しました。	最大級・No.1|品揃え|無料|商品/サービス特徴
おうちでも迫力のあるライブが楽しめる。録画して視聴もOK!見たい時に見たい番組を。	商品/サービス特徴
【あらすじ】念願の妊娠。どうして私は精神病院に入院しているんだろうー	あらすじ
東京ディズニーリゾート®のディズニーホテルの宿泊予約は【JTB】!ディズニーホテルに泊まって東京ディズニーランドや東京ディズニーシーを満喫!	その他
SL-46-W用取付け部品通販ならミスミ/短納期お届け商品が多数可能	スピード
教育資金、いつから・どうやってはじめる?入学・進学に必要な教育資金や学資保険の必要性、選び方のポイントなどをご用意。資料請求・相談無料、国内最大級の保険市場は、あなたの保険選びをバックアップいたします。(東証:8798)	最大級・No.1|無料|商品/サービス特徴
Reebok BACKPACK BOOK	
センティール・ラ・セゾン　岐阜の結婚式場はこちら。写真や料金プランはもちろん、挙式・披露宴の感想・口コミも掲載。日本最大級のウェディング情報サイト【ゼクシィ】があなたの結婚を完璧サポート！	最大級・No.1|商品/サービス特徴
365日休まず復元・24時間受付・スピード診断・当日納品可能・テレビ取材実績多数	利便性|スピード|実績
資料請求で楽天市場出店ガイドブックを無料で贈呈中!詳しくはこちら	無料
【公式】キャンメイク／CAN MAKE	
万が一の備えにがん保険	その他
現代の肌が出合うさまざまな環境やストレスに着目して開発された高機能フェイシャルクリーム。	商品/サービス特徴
ハンバーグやから揚げ、肉団子など定番おかずがお得な価格！しかも送料無料でご自宅迄	利便性|無料|オファー
イーデザイン損保/面倒な個人情報の入力不要でカンタン見積もり!	利便性
かんたん入力32秒で買い取り査定	利便性|スピード
今なら!公式オンラインストアでお買い上げいただいたお客様全員に、人気美容液(1mL)	特典
「ここは『Xゾーン』。俺と『韋駄天バトル』で勝負しろ！」	あらすじ
親子で楽しみながら、学びの土台作り。おうちでの時間をもっと豊かにしませんか?	商品/サービス特徴
【完全無料】32秒で一括車査定	スピード|無料
仙台ＹＭＣＡ国際ホテル専門学校	
KAKEGAWA GRAND HOTELの最寄駅は掛川駅。ＴＥＡＭ ＦＯＲ ＧＵＥＳＴ　全てはお客様の喜びと感動の為に。ハナユメからのお申し込みで挙式費用が最大131万円おトクになることも！ブライダルフェア情報、おトクな割引特典、フォトギャラリー、口コミ、見積もり例が充実！結婚式場探しはハナユメ！	アクセス|価格|商品/サービス特徴
データ復旧相談実績18万件の技術力 上場企業・官公庁もご利用 年中無休、即日対応	利便性|スピード|実績
お金がかかるのは飲んだ水だけ！メンテ不要で初期費用、配送料、サーバーレンタル料も全て0円	利便性|無料|商品/サービス特徴
【練馬区】ピザのお持ち帰りなら	
国内ダイナミックパッケージ／いつでも最新価格でお得な情報がCHECKできる！	オファー|商品/サービス特徴
いざという時に備えている？	その他
浜松市の美容・エステ・リラクゼーション関連の転職・求人情報はリクナビNEXT	
雨の日でも大丈夫! 家から出なくてもドミノ･ピザを楽しめる、ポイントも貯まる	還元
セカンド ピアス おすすめ ブランド等のアクセサリーを買うならau PAY マーケット。定番シンプルピアスから最新トレンドピアスまで各種お取り扱い。3,000万アイテム以上の豊富な品揃え。セール、送料無料の商品も多数！	品揃え|オファー|無料
【毎日発送】当日配送対象商品多数!お急ぎでカラーコンタクトが欲しいあなたへ。まだ間に合う	品揃え|スピード
人気の自動車保険を徹底比較。価格やサービス内容も一覧表で比較できる≪保険市場≫	利便性|商品/サービス特徴
【ゼクシィ】ウエディング、ブライダル、結婚準備ならゼクシィ	
就活準備を全力サポート／インターンシップ・1day仕事体験はリクナビ2022	
リフォームローンなら安心の三菱UFJ銀行。リフォームローンの他、太陽光パネル設置などのエコリフォームや、バリアフリー化には、おトクな金利もご用意!	オファー
セブンネットショッピングは本・コミック・雑誌・CD・DVD・ゲーム・ギフトの通販、オンライン書店。セブン‐イレブン店舗受取りなら送料無料＆24時間受取れる。購入毎にnanacoポイントも貯まって使えるサイトです。	利便性|還元|無料|商品/サービス特徴
【2020年】女性保険ランキング！女性保険の加入メリットとは？保険の悩みはオンラインで無料相談	利便性|対象限定|無料|商品/サービス特徴
関東・調理師、調理補助	
新しい生活をもっと楽しく、快適に過ごせる冬の代表作や、プレゼント企画をご用意しております。	その他
レディ・パーフェクトリー、準備は完全に整った。,無料	あらすじ|無料
コスモウォーターをご検討の方へ	その他
ユニクロのマタニティ、誕生。ウルトラストレッチジーンズ、レギンスパンツ、ショーツ	
人気の洋画・邦画が豊富	品揃え
保険にはたくさんの種類があって自分で選ぶのは難しいと思っていませんか？保険のプロならあなたにピッタリの商品をご紹介いたします。ぜひご相談ください。	その他|商品/サービス特徴
インターンシップに参加して、仕事内容・業種・企業の業務内容の理解を深めよう！	その他
成約額納得度No.1のSRE不動産	最大級・No.1
購入専門/売却専門のプロがサポート!売買に関する疑問点、なんでもご相談下さい	商品/サービス特徴
エポスカード利用で配送料が無料に！お家にいながらお得にマルイでお買い物	利便性|オファー|無料
埼玉県 清澄GC/口コミ評価4.6の人気コース。空き枠状況をサクサク検索	トレンド|商品/サービス特徴
| エネトピア展TOP | ガス機器 | 特別パック | リフォーム | IH / エコキュート | のりかえ相談 | 特別特典 | お申し込み | IH/エコキュート 今年のエネトピア展は、電化機器もエネトピア展特別価格で取り揃えてます!ぜひこの機会にお買い求めください。 ※掲載の表示価格は全て税込みです。	特典|オファー
いつの時代も変化する女性は美しい。花たちが持つ美しさを凝縮した人気コスメブランド【FEMMUE】	その他
お茶やミネラルウォーターの必需品をケースで取扱！送料無料・即日発送商品も多数。	スピード|無料|商品/サービス特徴
しょうゆ・みそなど調味料の全てが品揃え豊富!しかも送料無料やお得な価格などお買得	オファー|無料
年齢&性別で各社の保険料を一括比較!保険の比較、検討は保険市場	商品/サービス特徴
国内最大級のタイヤ&ホイール通販サイト 圧倒的な低価格&高品質・豊富な品揃え	オファー|品揃え|最大級・No.1|高品質
旧三菱東京UFJ銀行。最短翌日ご利用可能。借入可能か簡易診断。	利便性|スピード
会員登録受付開始	
THE HILLTOP TERRACE NARAの結婚式場情報！簡単検索＆リアルタイム予約／ゼクシィ	利便性
ポイント投資なら日興フロッギー	
年収3000万越えのハイスペックな彼氏の本当の姿は嘘で塗り固められたクズ男だったー	あらすじ
カルチャートピック&インタビュー満載。UTに込められたストーリーを毎週配信中。	商品/サービス特徴
<大阪旅行・ツアーご予約はこちら>大阪グルメの食べ歩きも思いっきり堪能!/JTB	商品/サービス特徴
おトクなキャンペーン開催中	オファー
車を高く売りたいなら、査定額を一括比較！32秒で終わる簡単入力で買取相場をチェック	スピード|商品/サービス特徴
ビーフカレーやインドカレーなど通販最大級の品ぞろい!即日発送・送料無料でお買得	スピード|品揃え|最大級・No.1|無料
【ROADSTONE】のタイヤが激安	オファー
【DUNLOP】のタイヤが激安	オファー
白石麻衣(まいやん)がイメージモデルを務める「フェリアモ」全6色が発売!!相手を虜に!恋するカラコン♪自然体でナチュラルなレンズが特徴! カラコン全品【送料無料】モアコンタクトでは即日発送やネコポス(ポスト投函)もあります!カラーコンタクト(度あり・度なし)ならカラコン通販のモアコンタクトにお任せ下さい。	商品/サービス特徴|利便性|スピード|その他|無料
「今」こそ自学自習の習慣をKUMONで身につけませんか？	その他
母はなく、父が死に姉妹は人買いの競りにかけられる。少女が見る、この世の地獄とはー	あらすじ
スマホを買うなら／HUAWEI公式	
ファッション・グルメ・日用品などが揃うショッピングモール。ネット通販ならauPAYマーケット	商品/サービス特徴
今日は引退公演、すなわち神崎すみれ最後の舞台。	あらすじ
バスキア 10代最後のとき/dTV	
金利1.9%(実質年率)で購入できる中古車登場。安心の「1年走行距離無制限の保証」付。	価格|商品/サービス特徴
お買物前に必見!手ぶらdeショッピング、お店の在庫確認、家具引取、安心の品質保証等	商品/サービス特徴
2021決定版!1,029人が選んだすっぽんサプリ人気ランキング	トレンド
人気の楽器や音楽機材の品ぞろいが豊富。今ならポイント増倍、送料無料などお買い得！	還元|品揃え|無料
手数料０円で後払いOK	無料
楽天カードはカンタン申し込み／新規入会＆ご利用で8,000ポイントプレゼント！	利便性|初回限定|特典
音楽・スポーツ・映画など専門チャンネルを高画質に高音質で見るなら!人気のBS・CS番組が充実。	商品/サービス特徴
藤戸千雪の夢はパリ・コレモデル。低身長ゆえに、周囲は諦めろと言うが、そんなときー	あらすじ
おトク、つかえる、たまる、Pontaポイント /毎日お買い得なSALEを開催中	オファー|商品/サービス特徴
ROYAL CHESTER MAEBASHI ALFONSOの最寄駅は新前橋駅。ステンドグラスが輝く本格大聖堂と選べる5つのパーティ会場。ハナユメからのお申し込みで挙式費用が最大44万円おトクになることも！ブライダルフェア情報、おトクな割引特典、フォトギャラリー、口コミ、見積もり例が充実！結婚式場探しはハナユメ！	アクセス|価格|オファー|商品/サービス特徴
秋冬に欲しいトレンドアイテムがたくさん/最旬のアイテムが一気にチェックできる!	商品/サービス特徴
マルイのウェブチャネルはこちらから!気になる最旬アイテムがぞくぞく入荷中	商品/サービス特徴
薄毛、抜毛、老化やストレス、ホルモンバランスの乱れからくる脱毛など、症状に合わせた治療を行い、自毛での発毛効果を実感いただけます。お悩みの方は女性専門のAGAスキンクリニック レディース院へ。	
人気の生命（死亡）保険ランキング	商品/サービス特徴
カラーコンタクト通販／モアコン	
今最も注目を集めているアーティスト、ダニエル・アーシャムさんへの特別インタビュー	トレンド
【毎日更新】新作アイテム・人気コーディネート／冬新商品続々入荷！1000ブランド以上取り扱い。	品揃え|商品/サービス特徴
篠原涼子演じる破天荒な敏腕刑事が挑む、予告殺人ミステリー！！	商品/サービス特徴
Ｂｅｌｌｅｖｉｅ　Ｌｏｖｉｎａ　Ｔｅｒｒａｃｅの結婚式場を詳しくご紹介！写真や料金プランはもちろん、ブライダルフェアやクチコミ情報、実際に挙式をした方の感想も掲載中。【ゼクシィ】ならではのＢｅｌｌｅｖｉｅ　Ｌｏｖｉｎａ　Ｔｅｒｒａｃｅのウェディング情報をご覧ください！	商品/サービス特徴
大阪,天王寺,阿倍野,あべのハルカス内にある石崎コンタクトレンズ室は安心安全のコンタクトレンズを提供します。天王寺でコンタクトをお探しの方は土日祝日も営業、駐車場提携がある石崎コンタクトレンズ室をご利用ください!電話予約も受付中です!	利便性|高品質
\初心者さんも大歓迎/ 楽天市場に出店・開業しよう!プラン確認・資料請求はこちらから	商品/サービス特徴
【JTB公式サイト】2021年ゴールデンウィーク（GW）特集。	商品/サービス特徴
比較すると査定相場より高くなるって知ってた？あなたの大切な車を、最高額で売ろう	その他|オファー
ドリームグロウマスク BL	
【毎日更新】メンズ総合人気ランキング!ファッション通販SHOPLISTの売れ筋商品をチェックしよう。カテゴリ別・年代別・男女別に、1位から最大300位まで紹介します。	商品/サービス特徴
ピザ1枚500円／テイクアウト	価格
インターンシップ／リクナビ2022	
中学生になったさくら。夢の鍵と透明なカードに導かれ、さくらの新しい物語がはじまる	あらすじ
インターンシップ・1day仕事体験はリクナビ2022／自分に合った仕事探しのヒントに！	
急ぎでカラコンが欲しい人へ	悩み解決
シャングリ・ラ ホテル 東京 の最寄駅は東京駅。シャングリ・ラ　ホテル　東京。ブライダルフェア情報、おトクな割引特典、フォトギャラリー、口コミ、見積もり例が充実！結婚式場探しはハナユメ！	特典|アクセス|商品/サービス特徴
【復旧率95.2％】JR桜木町駅直結	アクセス|実績
公式サイトだから安心	
データ復旧.comは、11年連続国内売上No.1。365日年中無休・最短即日復旧可能。トップエンジニアによる初期診断無料!累計184,637件のご相談実績、官公庁や上場企業の実績多数!HDD(ハードディスク)、RAID、NAS、サーバーなど、幅広く対応。	実績|商品/サービス特徴|利便性|最大級・No.1|スピード|無料
タンス・チェストをカラー／サイズ／タイプなど多数取り扱い中。更にお得な価格！	品揃え|オファー
名刀・妖刀の由来や全国の日本刀イベント情報も!バーチャル刀剣博物館をチェック。	その他
結婚式の費用明細BOOK・会場探し&打ち合わせBOOKなど情報充実!	商品/サービス特徴
【人材不足でお困りの企業様へ】医療・介護福祉・歯科を希望の人材がすぐに見つかる。	対象限定|商品/サービス特徴
日本最大級のサロン検索・予約サイトで、新規顧客やリピート顧客へアプローチ	最大級・No.1
ラクチンパンプス,ラクチンきれいパンプス,ラクチン快適バッグ,ラクチンシリーズ,マルイ,通販	
日本全国5拠点/テレビ取材実績多数/官公庁、上場企業のお客様からの口コミも多数	品揃え|実績
コラーゲンサプリをお探しの方へ	
新学期に始めてみませんか？	その他
ゼクシィ公式婚活アプリ「ゼクシィ縁結び」の、お得なキャンペーンページです。結婚を真面目に考える出会いに、セール特価で有料プラン51%オフ!ゼクシィ縁結びはあなたの婚活を応援します。	価格|オファー
名古屋デザイナー学院の資料請求	商品/サービス特徴
保険のご相談内容ランキングTOP3	商品/サービス特徴
オンラインストア限定商品も多数取り扱い。購入した商品の返品が可能！	限定|商品/サービス特徴
2種類の消化酵素で消化促進・製薬会社オリジナルの有胞子性乳酸菌ラクボンで腸内環境を改善	商品/サービス特徴
業務用ガス機器のプロが出張費無料で訪問/まずはお気軽にご相談から	無料
都心からアクセス良好/茂原は地形を活かした多種多様なゴルフ場が点在しているエリア	アクセス|商品/サービス特徴
LA発・滝汗激燃レッスン!ダイエットに効果的なプログラム含め、80種類以上のプログラム実績有り	品揃え|実績
比較して賢く自動車保険を選ぶ。国内最大級の保険比較サイト【保険市場】	最大級・No.1
【新規お申し込みでネット割引1万円!】まずはサクッと無料お見積り。事故対応満足度93.6%	価格|無料|実績
朝から夜まで毎日バタバタ...。そんな、子育て世代ママの元気の近道に「すっぽん小町」	対象限定
スカパーは申し込みから約30分でご視聴可能！幅広いジャンルで、圧倒的なチャンネル数を楽しめる	品揃え|スピード
フェイス& ネックシートマスクが登場。つけていることを忘れるほどに快適な密着感。	商品/サービス特徴
箱根旅行・箱根ツアーは信頼・実績のJTBにお任せください。お手頃価格や安心のエースJTB、ワンランク上のおすすめプラン・パックまで、目的や予算にあわせて選べます!豊富なラインナップのツアー検索・ネット予約が簡単です♪	利便性|オファー|商品/サービス特徴
【最新話まで配信中】大童澄瞳原作人気まんが映像研には手を出すな！がついにアニメ化	商品/サービス特徴
学生のみなさんの気になる悩みをリクナビがフォローします。WEB面接のコツもご紹介！	商品/サービス特徴
ブランディング機能で他店と差別化を図れるサロンメディア/ホットペッパービューティー	商品/サービス特徴
【チャペル・ガーデン・会場を6月にフルリニューアル】ここならではの演出にも注目！	その他|商品/サービス特徴
オンライン無料相談	無料
「ラジエーションハウス」最終話を放送後7日間無料で配信！FODなら公式動画を高画質で楽しめる	無料|商品/サービス特徴
この脱出ゲームに出口はない。	あらすじ
希望の働き方から選べる高収入・好条件の優良求人を多数掲載中！自分らしい働き方が見つかる場所	その他|品揃え|商品/サービス特徴
五感で楽しむ照明	
100％ナチュラルなシートを使用	高品質
BAYSIDE GEIHINKAN VERANDA	
口座から即時引き落としで、現金よりも便利で安心。快適なキャッシュレス体験!	利便性
キッチン家電からマッサージ器までおすすめの家電が勢揃い！送料無料・即日発送。	スピード|品揃え|無料
札幌・農林水産関連職(農業・林業・畜産業・酪農)の求人・転職情報/限定求人約85%	限定|商品/サービス特徴
女性も受診可能に。「あれ、薄くなってきた?」と感じた時が治療のはじめ時!	悩み解決|対象限定
ぷるんとした、美しい色素薄い系のナチュラルな瞳に。外国人瞳を叶える最強ワンデー	その他|商品/サービス特徴
神戸(兵庫)・貿易事務、国際業務	
人気ブランド最旬の新作アイテムを今すぐチェック／エポス利用で配送料無料	トレンド|無料
| エネトピア展TOP | ガス機器 | 特別パック | リフォーム | IH / エコキュート | のりかえ相談 | 特別特典 | お申し込み | のりかえ相談 エネトピアのサービスを利用して、くらしを豊かに。今よりもっとおトクな生活を。 enetopia ガス エネトピアガスの 詳細はこちら enetopia ガス	特典|オファー
"ショッピングを楽しみながら、この地球の未来に貢献しませんか?オンワード・リユースパークは、「23区」「組曲」などのオンワードブランドのリユース商品をチャリティー価格でご提供するお店です。""送料無料(一部商品を除く)・ポイント還元"""	還元|無料|商品/サービス特徴
病院の求人・転職をお探しの方へ	対象限定
ゼクシィ内祝い(旧:赤すぐ内祝い)では、出産内祝い・結婚内祝いを、気持ちの伝わる丁寧なサービスで贈れます。無料の写真入りメッセージカード、伊勢丹・三越の包装紙など。	無料|商品/サービス特徴
アプリ・WEB対応。半年以内に運命の出会いを実現!	利便性|商品/サービス特徴
親子で楽しみながら、学びの土台作りを。今、ママ達の間で話題のBaby Kumon。	トレンド|商品/サービス特徴
NEXT WEDDING TOKYO BAY	
梅田で無料の保険相談ができる店舗・窓口はこちら!梅田周辺なら、お仕事帰りに、お買い物のついでに、おでかけの途中にご相談いただけます。キッズスペースもございますので、お子さま連れでも安心。東証1部上場会社が運営する「保険市場」では、保険選びから見直しまで、何度でも無料でご相談いただけます。	無料|商品/サービス特徴
ＧＡＲＤＥＮ　ＴＥＲＲＡＣＥ　ＦＵＫＵＯＫＡ　ＨＯＴＥＬS＆ＲＥＳＯＲＴS（ガーデンテラス福岡　ホテル＆リゾート）の結婚式場はこちら。写真や料金プランはもちろん、挙式・披露宴の感想・口コミも掲載。日本最大級のウェディング情報サイト【ゼクシィ】があなたの結婚を完璧サポート！	最大級・No.1|商品/サービス特徴
完全無料の売却依頼で高額買取を	オファー|無料
期間・用途限定ポイントも使える。配当や優待がもらえる。NISA口座で非課税に。	限定|特典
《公式》LIFULL介護/ HOME'S介護	
人気のアナリストレポートやAIを活用したサービスも。株式投資にはアプリが便利。	利便性|商品/サービス特徴
20代~50代以上に選ばれている保険をランキング別に徹底比較。比較なら保険市場。	商品/サービス特徴
Baby Kumonでお子さまの感性を豊かに。詳細はこちらからご確認ください。	その他
ガスとセットで最大18,240円お得	価格
【日本最大級のローン比較】土地取得・購入や住宅の新築・改築などに!	最大級・No.1|商品/サービス特徴
ごわついたお肌をするすると解きほぐし、うるおいたっぷりのもち肌に！気になる詳細はこちらから	商品/サービス特徴
テンションゲージ	
モントレ ラ･スール大阪で挙式	
風と緑溢れる３つの貸切邸宅と幅広い世代を魅了する美食でアットホームなウエディング	商品/サービス特徴
LIFULL介護（らいふるかいご）	
カンタン無料登録で、気になる作品がいつでも・どこでも・今スグ読める！	利便性|無料
広大なガーデン、シックな会場、希少なチャペル！バリアフリーの全館がまるごと貸切に	商品/サービス特徴
ご利用も、ご返済も、インターネットで。カードレスVIPでもっと自由に、もっと便利に。VIPローンカードのご融資利率と比較して0.2%OFFを実現(下限金利は1.7%です)。トップクラスの低金利を実現。契約枠はゆとりの800万円。パソコンやスマートフォンから、24時間365日、手数料0円でご利用できます。最短60分で審査回答いたします。	価格|利便性|スピード|オファー|無料
【BFGOODRICH】のタイヤが激安	オファー
発酵が引き出すチカラがあなたの健康をサポート	商品/サービス特徴
岡本綾子監修による戦略性の高いコース/関越自動車道・東松山から5km以内	アクセス|商品/サービス特徴
ペットシーツなどの消耗品から可愛いペッド服も！送料無料・即日発送可能商品も多数。	スピード|無料|商品/サービス特徴
激安鞄・バッグ・リュック 通販	オファー
国内屈指のIPO取扱銘柄数。主幹事銘柄数は業界トップ水準/スマホでかんたん口座開設	利便性|品揃え
宮崎自動車道・宮崎から10km以内/日本有数のオーシャンリゾートコース	アクセス|商品/サービス特徴
広大な敷地に展開する変化に富んだ18Hコースのどこからでも秀峰、妙義山を一望	商品/サービス特徴
ターミナルボックスを法人価格で購入。商品1個でも送料無料で調達可能	無料|オファー|商品/サービス特徴
人気ゲームソフトの激安通販なら	オファー
気になる企業をチェックして、2月中にプレエントリー・説明会の予約をしよう	
ドミノ・ピザの出前なら／出前館	
新幹線+宿泊、新幹線日帰りプランをご用意!	商品/サービス特徴
【幅広い&圧倒的なジャンル数】ご加入後、約80チャンネルが2週間視聴料無料!	期間限定|品揃え|無料|商品/サービス特徴
タンス・チェストの激安通販なら	
専門職（コンサルタント・士業・金融・不動産）の求人・転職情報／限定求人約85％	限定
フジテレビ名作ドラマ「古畑任三郎」を全シリーズ配信中！最新ドラマも期間限定で見逃し配信	期間限定|商品/サービス特徴
三井住友トラストL&F／公式	
大きいサイズ メンズ パジャマ・部屋着をお探しの方はこちら。人気の商品を口コミ・レビューやランキングなどから探すことができます。初めてのご注文は送料無料!カード払い、代引き、後払いなどお支払方法も多数ご用意。安心便利にお買い物をお楽しみください。	利便性|初回限定|トレンド|無料
32秒で車の買取最高価格が分かる	スピード
レディースショルダーバッグなら	
期間中の契約で現金10万円当たる	特典|期間限定
【ゼクシィ】Raphael Wedding	
【INTER-CHAUSSURES】の通販	
石川県のリフォームはリクシルで。ご相談から施工まで、徹底したクオリティ管理を実現。	商品/サービス特徴
日本最大級の出前サイト 美味しいお店が45,000以上！	品揃え|最大級・No.1
愛車の買取相場をWEB査定	利便性
神戸(兵庫)・調理師、調理補助、シェフ、パティシエの求人・転職情報／転職サイト会員登録率No.1	最大級・No.1
路線・駅・車での移動時間から施設を検索/日本最大級!全国38,000件以上の施設。最短翌日入居可	スピード|最大級・No.1
気になる返戻率をチェック	
ポイント、年会費、特典で選ぶ!特選最強のクレジットカード、第1位は?	商品/サービス特徴
すっきり見えて邪魔にならない、便利な商品がいっぱい。	商品/サービス特徴
キラキラと輝くスパンコールのように瞳を彩り飾る10カラー！ドルチェスパンコール	商品/サービス特徴
Snow Man 2ndシングル発売	
ディアクイーン／送料無料	無料
バイク保険を探そう。国内最大級の保険市場ならバイク保険を徹底比較、クレジット決済にて簡単にご契約手続きが可能です。さらに今ならネット割引のチャンス!	利便性|オファー|最大級・No.1|商品/サービス特徴
